id;name;typ;untertyp;status;kapazitaet_max;kapazitaet_verfuegbar;auslastung_prozent;strasse;plz;ort;stadtteil;lat;lon;barrierefrei;stromversorgung_notstrom;wasser_verfuegbar;sanitaer_verfuegbar;betreiber;ansprechpartner;letzte_pruefung;prioritaet;hinweis
"NK-0001";"Notunterkunft Mitte 1";"Notunterkunft";"Sporthalle";"aktiv";"305";"180";"41";"Musterstrasse 1";"73728";"Esslingen am Neckar";"Mitte";"48.7419";"9.327378148524463";"nein";"nein";"ja";"ja";"Stadtverwaltung";"Amt fuer Bevoelkerungsschutz";"2025-08-21";"hoch";"Zugang ueber Nordseite, Schluessel im Stabsraum hinterlegt"
"NK-0002";"Notunterkunft Nord 2";"Notunterkunft";"Sporthalle";"aktiv";"282";"174";"38";"Musterstrasse 2";"73728";"Esslingen am Neckar";"Nord";"48.7542274221586";"9.325905729597915";"ja";"ja";"ja";"ja";"Feuerwehr";"Kommunaler Bereitschaftsdienst";"2025-04-13";"mittel";"Regelbetrieb nach kommunalem Notfallplan"
"NK-0003";"Notunterkunft Sued 3";"Notunterkunft";"Sporthalle";"aktiv";"289";"160";"45";"Musterstrasse 3";"73728";"Esslingen am Neckar";"Sued";"48.75483747183872";"9.312037256870944";"ja";"ja";"ja";"ja";"DRK";"Kommunaler Bereitschaftsdienst";"2025-10-02";"mittel";"Regelbetrieb nach kommunalem Notfallplan"
"NK-0004";"Notunterkunft Weststadt 4";"Notunterkunft";"Sporthalle";"aktiv";"84";"27";"68";"Musterstrasse 4";"73728";"Esslingen am Neckar";"Weststadt";"48.78326029479743";"9.304484080306501";"ja";"ja";"ja";"ja";"Technisches Hilfswerk";"Amt fuer Bevoelkerungsschutz";"2026-03-09";"mittel";"Regelbetrieb nach kommunalem Notfallplan"
"NK-0005";"Notunterkunft Oberdorf 5";"Notunterkunft";"Sporthalle";"aktiv";"236";"71";"70";"Musterstrasse 5";"73728";"Esslingen am Neckar";"Oberdorf";"48.77181699332791";"9.287178030533761";"ja";"nein";"ja";"ja";"Gebaeudemanagement";"Kommunaler Bereitschaftsdienst";"2025-04-10";"mittel";"Regelbetrieb nach kommunalem Notfallplan"
"NK-0006";"Notunterkunft Pliensauvorstadt 6";"Notunterkunft";"Sporthalle";"aktiv";"330";"239";"28";"Musterstrasse 6";"73728";"Esslingen am Neckar";"Pliensauvorstadt";"48.765678227626";"9.262966990491396";"nein";"ja";"ja";"ja";"Ordnungsamt";"Kommunaler Bereitschaftsdienst";"2025-12-22";"niedrig";"Regelbetrieb nach kommunalem Notfallplan"
"NK-0007";"Notunterkunft Zell 7";"Notunterkunft";"Sporthalle";"aktiv";"132";"111";"16";"Musterstrasse 7";"73728";"Esslingen am Neckar";"Zell";"48.741750463405744";"9.277922785574892";"ja";"ja";"ja";"ja";"Stadtverwaltung";"Amt fuer Bevoelkerungsschutz";"2025-07-21";"mittel";"Regelbetrieb nach kommunalem Notfallplan"
"NK-0008";"Notunterkunft Obertal 8";"Notunterkunft";"Sporthalle";"aktiv";"305";"93";"70";"Musterstrasse 8";"73728";"Esslingen am Neckar";"Obertal";"48.72554667952108";"9.276698207728506";"ja";"ja";"ja";"ja";"Feuerwehr";"Kommunaler Bereitschaftsdienst";"2026-01-30";"hoch";"Regelbetrieb nach kommunalem Notfallplan"
"NK-0009";"Notunterkunft Sulzgries 9";"Notunterkunft";"Sporthalle";"aktiv";"287";"62";"78";"Musterstrasse 9";"73728";"Esslingen am Neckar";"Sulzgries";"48.71602632917333";"9.289918558865018";"ja";"nein";"ja";"ja";"DRK";"Kommunaler Bereitschaftsdienst";"2025-07-03";"mittel";"Regelbetrieb nach kommunalem Notfallplan"
"NK-0010";"Notunterkunft Berkheim 10";"Notunterkunft";"Sporthalle";"aktiv";"326";"188";"42";"Musterstrasse 10";"73728";"Esslingen am Neckar";"Berkheim";"48.6922532314158";"9.305017440841105";"ja";"ja";"ja";"ja";"Technisches Hilfswerk";"Amt fuer Bevoelkerungsschutz";"2026-01-30";"mittel";"Zugang ueber Nordseite, Schluessel im Stabsraum hinterlegt"
"NK-0011";"Notunterkunft Waldacker 11";"Notunterkunft";"Sporthalle";"aktiv";"332";"66";"80";"Musterstrasse 11";"73728";"Esslingen am Neckar";"Waldacker";"48.7045229875458";"9.326647746962939";"nein";"ja";"ja";"ja";"Gebaeudemanagement";"Kommunaler Bereitschaftsdienst";"2025-07-12";"niedrig";"Regelbetrieb nach kommunalem Notfallplan"
"NK-0012";"Notunterkunft Auenfeld 12";"Notunterkunft";"Sporthalle";"ausser Betrieb";"136";"0";"100";"Musterstrasse 12";"73728";"Esslingen am Neckar";"Auenfeld";"48.723764685488874";"9.336770290608287";"ja";"ja";"ja";"ja";"Ordnungsamt";"Kommunaler Bereitschaftsdienst";"2025-04-20";"mittel";"Regelbetrieb nach kommunalem Notfallplan"
"NK-0013";"Notunterkunft Mitte 13";"Notunterkunft";"Sporthalle";"aktiv";"120";"20";"83";"Musterstrasse 13";"73728";"Esslingen am Neckar";"Mitte";"48.778510006665144";"9.283463158981634";"ja";"nein";"ja";"ja";"Stadtverwaltung";"Amt fuer Bevoelkerungsschutz";"2025-08-07";"mittel";"Regelbetrieb nach kommunalem Notfallplan"
"NK-0014";"Notunterkunft Nord 14";"Notunterkunft";"Sporthalle";"aktiv";"337";"110";"67";"Musterstrasse 14";"73728";"Esslingen am Neckar";"Nord";"48.75726965750207";"9.277921389008274";"ja";"ja";"ja";"ja";"Feuerwehr";"Kommunaler Bereitschaftsdienst";"2025-08-16";"mittel";"Regelbetrieb nach kommunalem Notfallplan"
"NK-0015";"Notunterkunft Sued 15";"Notunterkunft";"Sporthalle";"aktiv";"48";"26";"46";"Musterstrasse 15";"73728";"Esslingen am Neckar";"Sued";"48.74184134138724";"9.27322082698575";"ja";"ja";"ja";"ja";"DRK";"Kommunaler Bereitschaftsdienst";"2025-04-05";"hoch";"Regelbetrieb nach kommunalem Notfallplan"
"NK-0016";"Notunterkunft Weststadt 16";"Notunterkunft";"Sporthalle";"eingeschraenkt";"238";"147";"38";"Musterstrasse 16";"73728";"Esslingen am Neckar";"Weststadt";"48.7281602023288";"9.280955310135251";"nein";"ja";"ja";"ja";"Technisches Hilfswerk";"Amt fuer Bevoelkerungsschutz";"2025-06-20";"niedrig";"Regelbetrieb nach kommunalem Notfallplan"
"NK-0017";"Notunterkunft Oberdorf 17";"Notunterkunft";"Sporthalle";"eingeschraenkt";"93";"78";"16";"Musterstrasse 17";"73728";"Esslingen am Neckar";"Oberdorf";"48.72612379693516";"9.295570060259525";"ja";"nein";"ja";"ja";"Gebaeudemanagement";"Kommunaler Bereitschaftsdienst";"2026-02-22";"mittel";"Regelbetrieb nach kommunalem Notfallplan"
"NK-0018";"Notunterkunft Pliensauvorstadt 18";"Notunterkunft";"Sporthalle";"eingeschraenkt";"251";"105";"58";"Musterstrasse 18";"73728";"Esslingen am Neckar";"Pliensauvorstadt";"48.69452335362792";"9.304821346231659";"ja";"ja";"ja";"ja";"Ordnungsamt";"Kommunaler Bereitschaftsdienst";"2025-10-30";"mittel";"Regelbetrieb nach kommunalem Notfallplan"
"NK-0019";"Notunterkunft Zell 19";"Notunterkunft";"Sporthalle";"ausser Betrieb";"255";"0";"100";"Musterstrasse 19";"73728";"Esslingen am Neckar";"Zell";"48.70578795170827";"9.325720117482742";"ja";"ja";"ja";"ja";"Stadtverwaltung";"Amt fuer Bevoelkerungsschutz";"2026-02-02";"mittel";"Zugang ueber Nordseite, Schluessel im Stabsraum hinterlegt"
"NK-0020";"Notunterkunft Obertal 20";"Notunterkunft";"Sporthalle";"geplant";"123";"95";"23";"Musterstrasse 20";"73728";"Esslingen am Neckar";"Obertal";"48.72954256161955";"9.326330713957615";"ja";"ja";"ja";"ja";"Feuerwehr";"Kommunaler Bereitschaftsdienst";"2025-07-09";"mittel";"Regelbetrieb nach kommunalem Notfallplan"
"NK-0021";"Notunterkunft Sulzgries 21";"Notunterkunft";"Sporthalle";"aktiv";"62";"50";"19";"Musterstrasse 21";"73728";"Esslingen am Neckar";"Sulzgries";"48.74222243266653";"9.34773577418753";"nein";"nein";"ja";"ja";"DRK";"Kommunaler Bereitschaftsdienst";"2025-10-08";"niedrig";"Regelbetrieb nach kommunalem Notfallplan"
"NK-0022";"Notunterkunft Berkheim 22";"Notunterkunft";"Sporthalle";"aktiv";"189";"20";"89";"Musterstrasse 22";"73728";"Esslingen am Neckar";"Berkheim";"48.75786715322615";"9.331726552358983";"ja";"ja";"ja";"ja";"Technisches Hilfswerk";"Amt fuer Bevoelkerungsschutz";"2026-01-24";"hoch";"Regelbetrieb nach kommunalem Notfallplan"
"NK-0023";"Notunterkunft Waldacker 23";"Notunterkunft";"Sporthalle";"aktiv";"89";"15";"83";"Musterstrasse 23";"73728";"Esslingen am Neckar";"Waldacker";"48.7741184589718";"9.322802115676991";"ja";"ja";"ja";"ja";"Gebaeudemanagement";"Kommunaler Bereitschaftsdienst";"2025-04-17";"mittel";"Regelbetrieb nach kommunalem Notfallplan"
"NK-0024";"Notunterkunft Auenfeld 24";"Notunterkunft";"Sporthalle";"ausser Betrieb";"284";"0";"100";"Musterstrasse 24";"73728";"Esslingen am Neckar";"Auenfeld";"48.794330454784735";"9.304061134052722";"ja";"ja";"ja";"ja";"Ordnungsamt";"Kommunaler Bereitschaftsdienst";"2025-04-12";"mittel";"Regelbetrieb nach kommunalem Notfallplan"
"NK-0025";"Notunterkunft Mitte 25";"Notunterkunft";"Sporthalle";"aktiv";"245";"153";"38";"Musterstrasse 25";"73728";"Esslingen am Neckar";"Mitte";"48.72884551128586";"9.297063018674187";"ja";"nein";"ja";"ja";"Stadtverwaltung";"Amt fuer Bevoelkerungsschutz";"2025-09-16";"mittel";"Regelbetrieb nach kommunalem Notfallplan"
"NK-0026";"Notunterkunft Nord 26";"Notunterkunft";"Sporthalle";"aktiv";"83";"70";"16";"Musterstrasse 26";"73728";"Esslingen am Neckar";"Nord";"48.72036134941871";"9.30462016060532";"nein";"ja";"ja";"ja";"Feuerwehr";"Kommunaler Bereitschaftsdienst";"2026-04-09";"niedrig";"Regelbetrieb nach kommunalem Notfallplan"
"NK-0027";"Notunterkunft Sued 27";"Notunterkunft";"Sporthalle";"aktiv";"146";"82";"44";"Musterstrasse 27";"73728";"Esslingen am Neckar";"Sued";"48.71829066591711";"9.318289792717644";"ja";"ja";"ja";"ja";"DRK";"Kommunaler Bereitschaftsdienst";"2025-07-03";"mittel";"Regelbetrieb nach kommunalem Notfallplan"
"NK-0028";"Notunterkunft Weststadt 28";"Notunterkunft";"Sporthalle";"aktiv";"205";"131";"36";"Musterstrasse 28";"73728";"Esslingen am Neckar";"Weststadt";"48.72314781531369";"9.337291123631248";"ja";"ja";"ja";"ja";"Technisches Hilfswerk";"Amt fuer Bevoelkerungsschutz";"2025-09-15";"mittel";"Zugang ueber Nordseite, Schluessel im Stabsraum hinterlegt"
"NK-0029";"Notunterkunft Oberdorf 29";"Notunterkunft";"Sporthalle";"aktiv";"345";"263";"24";"Musterstrasse 29";"73728";"Esslingen am Neckar";"Oberdorf";"48.741992500431614";"9.329341267890243";"ja";"nein";"ja";"ja";"Gebaeudemanagement";"Kommunaler Bereitschaftsdienst";"2025-11-18";"hoch";"Regelbetrieb nach kommunalem Notfallplan"
"NK-0030";"Notunterkunft Pliensauvorstadt 30";"Notunterkunft";"Sporthalle";"aktiv";"173";"118";"32";"Musterstrasse 30";"73728";"Esslingen am Neckar";"Pliensauvorstadt";"48.75182790664192";"9.321611558131591";"ja";"ja";"ja";"ja";"Ordnungsamt";"Kommunaler Bereitschaftsdienst";"2025-06-22";"mittel";"Regelbetrieb nach kommunalem Notfallplan"
"NK-0031";"Notunterkunft Zell 31";"Notunterkunft";"Sporthalle";"aktiv";"281";"76";"73";"Musterstrasse 31";"73728";"Esslingen am Neckar";"Zell";"48.784911157234085";"9.329111977946319";"nein";"ja";"ja";"ja";"Stadtverwaltung";"Amt fuer Bevoelkerungsschutz";"2025-09-12";"niedrig";"Regelbetrieb nach kommunalem Notfallplan"
"NK-0032";"Notunterkunft Obertal 32";"Notunterkunft";"Sporthalle";"aktiv";"216";"174";"19";"Musterstrasse 32";"73728";"Esslingen am Neckar";"Obertal";"48.76561348438759";"9.304444879206363";"ja";"ja";"ja";"ja";"Feuerwehr";"Kommunaler Bereitschaftsdienst";"2025-07-13";"mittel";"Regelbetrieb nach kommunalem Notfallplan"
"NK-0033";"Notunterkunft Sulzgries 33";"Notunterkunft";"Sporthalle";"aktiv";"87";"28";"68";"Musterstrasse 33";"73728";"Esslingen am Neckar";"Sulzgries";"48.774883502189724";"9.285226773319957";"ja";"nein";"ja";"ja";"DRK";"Kommunaler Bereitschaftsdienst";"2026-03-10";"mittel";"Regelbetrieb nach kommunalem Notfallplan"
"NK-0034";"Notunterkunft Berkheim 34";"Notunterkunft";"Sporthalle";"aktiv";"207";"168";"19";"Musterstrasse 34";"73728";"Esslingen am Neckar";"Berkheim";"48.75896322331252";"9.274463137635879";"ja";"ja";"ja";"ja";"Technisches Hilfswerk";"Amt fuer Bevoelkerungsschutz";"2025-08-09";"mittel";"Regelbetrieb nach kommunalem Notfallplan"
"NK-0035";"Notunterkunft Waldacker 35";"Notunterkunft";"Sporthalle";"aktiv";"300";"55";"82";"Musterstrasse 35";"73728";"Esslingen am Neckar";"Waldacker";"48.74159117720825";"9.271550716259";"ja";"ja";"ja";"ja";"Gebaeudemanagement";"Kommunaler Bereitschaftsdienst";"2025-06-06";"mittel";"Regelbetrieb nach kommunalem Notfallplan"
"NK-0036";"Notunterkunft Auenfeld 36";"Notunterkunft";"Sporthalle";"ausser Betrieb";"192";"0";"100";"Musterstrasse 36";"73728";"Esslingen am Neckar";"Auenfeld";"48.7187289980457";"9.265402647855106";"nein";"ja";"ja";"ja";"Ordnungsamt";"Kommunaler Bereitschaftsdienst";"2025-05-18";"hoch";"Regelbetrieb nach kommunalem Notfallplan"
"NK-0037";"Notunterkunft Mitte 37";"Notunterkunft";"Sporthalle";"eingeschraenkt";"317";"129";"59";"Musterstrasse 37";"73728";"Esslingen am Neckar";"Mitte";"48.7419";"9.344336364565791";"ja";"nein";"ja";"ja";"Stadtverwaltung";"Amt fuer Bevoelkerungsschutz";"2025-06-13";"mittel";"Zugang ueber Nordseite, Schluessel im Stabsraum hinterlegt"
"NK-0038";"Notunterkunft Nord 38";"Notunterkunft";"Sporthalle";"eingeschraenkt";"108";"38";"65";"Musterstrasse 38";"73728";"Esslingen am Neckar";"Nord";"48.75058641929285";"9.319612911722057";"ja";"ja";"ja";"ja";"Feuerwehr";"Kommunaler Bereitschaftsdienst";"2025-06-24";"mittel";"Regelbetrieb nach kommunalem Notfallplan"
"NK-0039";"Notunterkunft Sued 39";"Notunterkunft";"Sporthalle";"ausser Betrieb";"287";"0";"100";"Musterstrasse 39";"73728";"Esslingen am Neckar";"Sued";"48.77461584905253";"9.323407088138074";"ja";"ja";"ja";"ja";"DRK";"Kommunaler Bereitschaftsdienst";"2025-08-04";"mittel";"Regelbetrieb nach kommunalem Notfallplan"
"NK-0040";"Notunterkunft Weststadt 40";"Notunterkunft";"Sporthalle";"geplant";"77";"26";"66";"Musterstrasse 40";"73728";"Esslingen am Neckar";"Weststadt";"48.781029126565606";"9.304490333558293";"ja";"ja";"ja";"ja";"Technisches Hilfswerk";"Amt fuer Bevoelkerungsschutz";"2025-11-22";"mittel";"Regelbetrieb nach kommunalem Notfallplan"
"NK-0041";"Notunterkunft Oberdorf 41";"Notunterkunft";"Sporthalle";"aktiv";"298";"176";"41";"Musterstrasse 41";"73728";"Esslingen am Neckar";"Oberdorf";"48.77868074195966";"9.283180970475762";"nein";"nein";"ja";"ja";"Gebaeudemanagement";"Kommunaler Bereitschaftsdienst";"2025-11-09";"niedrig";"Regelbetrieb nach kommunalem Notfallplan"
"NK-0042";"Notunterkunft Pliensauvorstadt 42";"Notunterkunft";"Sporthalle";"aktiv";"58";"21";"64";"Musterstrasse 42";"73728";"Esslingen am Neckar";"Pliensauvorstadt";"48.75163984506017";"9.287546623761022";"ja";"ja";"ja";"ja";"Ordnungsamt";"Kommunaler Bereitschaftsdienst";"2026-05-11";"mittel";"Regelbetrieb nach kommunalem Notfallplan"
"NK-0043";"Notunterkunft Zell 43";"Notunterkunft";"Sporthalle";"aktiv";"158";"91";"42";"Musterstrasse 43";"73728";"Esslingen am Neckar";"Zell";"48.741748862527615";"9.27763719013702";"ja";"ja";"ja";"ja";"Stadtverwaltung";"Amt fuer Bevoelkerungsschutz";"2025-05-27";"hoch";"Regelbetrieb nach kommunalem Notfallplan"
"NK-0044";"Notunterkunft Obertal 44";"Notunterkunft";"Sporthalle";"aktiv";"267";"221";"17";"Musterstrasse 44";"73728";"Esslingen am Neckar";"Obertal";"48.716672469260594";"9.261557162117569";"ja";"ja";"ja";"ja";"Feuerwehr";"Kommunaler Bereitschaftsdienst";"2026-04-10";"mittel";"Regelbetrieb nach kommunalem Notfallplan"
"NK-0045";"Notunterkunft Sulzgries 45";"Notunterkunft";"Sporthalle";"aktiv";"120";"62";"48";"Musterstrasse 45";"73728";"Esslingen am Neckar";"Sulzgries";"48.708044535019496";"9.285389466653628";"ja";"nein";"ja";"ja";"DRK";"Kommunaler Bereitschaftsdienst";"2026-01-27";"mittel";"Regelbetrieb nach kommunalem Notfallplan"
"NK-0046";"Notunterkunft Berkheim 46";"Notunterkunft";"Sporthalle";"aktiv";"322";"82";"75";"Musterstrasse 46";"73728";"Esslingen am Neckar";"Berkheim";"48.70862330104664";"9.304879797730978";"nein";"ja";"ja";"ja";"Technisches Hilfswerk";"Amt fuer Bevoelkerungsschutz";"2025-06-18";"niedrig";"Zugang ueber Nordseite, Schluessel im Stabsraum hinterlegt"
"NK-0047";"Notunterkunft Waldacker 47";"Notunterkunft";"Sporthalle";"aktiv";"238";"137";"42";"Musterstrasse 47";"73728";"Esslingen am Neckar";"Waldacker";"48.69876986603729";"9.330041366702401";"ja";"ja";"ja";"ja";"Gebaeudemanagement";"Kommunaler Bereitschaftsdienst";"2025-05-28";"mittel";"Regelbetrieb nach kommunalem Notfallplan"
"NK-0048";"Notunterkunft Auenfeld 48";"Notunterkunft";"Sporthalle";"ausser Betrieb";"143";"0";"100";"Musterstrasse 48";"73728";"Esslingen am Neckar";"Auenfeld";"48.721672973372804";"9.340480785212694";"ja";"ja";"ja";"ja";"Ordnungsamt";"Kommunaler Bereitschaftsdienst";"2025-03-29";"mittel";"Regelbetrieb nach kommunalem Notfallplan"
"NK-0049";"Notunterkunft Mitte 49";"Notunterkunft";"Sporthalle";"aktiv";"115";"43";"63";"Musterstrasse 49";"73728";"Esslingen am Neckar";"Mitte";"48.767270108524";"9.289952530651107";"ja";"nein";"ja";"ja";"Stadtverwaltung";"Amt fuer Bevoelkerungsschutz";"2026-03-10";"mittel";"Regelbetrieb nach kommunalem Notfallplan"
"NK-0050";"Notunterkunft Nord 50";"Notunterkunft";"Sporthalle";"aktiv";"166";"19";"89";"Musterstrasse 50";"73728";"Esslingen am Neckar";"Nord";"48.75412841338126";"9.28337395227573";"ja";"ja";"ja";"ja";"Feuerwehr";"Kommunaler Bereitschaftsdienst";"2025-12-04";"hoch";"Regelbetrieb nach kommunalem Notfallplan"
"NK-0051";"Notunterkunft Sued 51";"Notunterkunft";"Sporthalle";"aktiv";"124";"15";"88";"Musterstrasse 51";"73728";"Esslingen am Neckar";"Sued";"48.741830863767056";"9.267615869058098";"nein";"ja";"ja";"ja";"DRK";"Kommunaler Bereitschaftsdienst";"2025-05-08";"niedrig";"Regelbetrieb nach kommunalem Notfallplan"
"NK-0052";"Notunterkunft Weststadt 52";"Notunterkunft";"Sporthalle";"aktiv";"327";"121";"63";"Musterstrasse 52";"73728";"Esslingen am Neckar";"Weststadt";"48.72709149115641";"9.27911617503072";"ja";"ja";"ja";"ja";"Technisches Hilfswerk";"Amt fuer Bevoelkerungsschutz";"2025-07-07";"mittel";"Regelbetrieb nach kommunalem Notfallplan"
"NK-0053";"Notunterkunft Oberdorf 53";"Notunterkunft";"Sporthalle";"aktiv";"152";"17";"89";"Musterstrasse 53";"73728";"Esslingen am Neckar";"Oberdorf";"48.71939124774613";"9.291716502262913";"ja";"nein";"ja";"ja";"Gebaeudemanagement";"Kommunaler Bereitschaftsdienst";"2026-01-16";"mittel";"Regelbetrieb nach kommunalem Notfallplan"
"NK-0054";"Notunterkunft Pliensauvorstadt 54";"Notunterkunft";"Sporthalle";"aktiv";"138";"90";"35";"Musterstrasse 54";"73728";"Esslingen am Neckar";"Pliensauvorstadt";"48.709402566686755";"9.30475182975059";"ja";"ja";"ja";"ja";"Ordnungsamt";"Kommunaler Bereitschaftsdienst";"2025-10-03";"mittel";"Regelbetrieb nach kommunalem Notfallplan"
"NK-0055";"Notunterkunft Zell 55";"Notunterkunft";"Sporthalle";"aktiv";"51";"33";"35";"Musterstrasse 55";"73728";"Esslingen am Neckar";"Zell";"48.71026925688314";"9.323099227883661";"ja";"ja";"ja";"ja";"Stadtverwaltung";"Amt fuer Bevoelkerungsschutz";"2025-09-03";"mittel";"Zugang ueber Nordseite, Schluessel im Stabsraum hinterlegt"
"NK-0056";"Notunterkunft Obertal 56";"Notunterkunft";"Sporthalle";"eingeschraenkt";"251";"180";"28";"Musterstrasse 56";"73728";"Esslingen am Neckar";"Obertal";"48.731433225948834";"9.323005956474342";"nein";"ja";"ja";"ja";"Feuerwehr";"Kommunaler Bereitschaftsdienst";"2026-04-09";"niedrig";"Regelbetrieb nach kommunalem Notfallplan"
"NK-0057";"Notunterkunft Sulzgries 57";"Notunterkunft";"Sporthalle";"eingeschraenkt";"335";"214";"36";"Musterstrasse 57";"73728";"Esslingen am Neckar";"Sulzgries";"48.74215014272756";"9.338064662023523";"ja";"nein";"ja";"ja";"DRK";"Kommunaler Bereitschaftsdienst";"2025-07-07";"hoch";"Regelbetrieb nach kommunalem Notfallplan"
"NK-0058";"Notunterkunft Berkheim 58";"Notunterkunft";"Sporthalle";"eingeschraenkt";"332";"65";"80";"Musterstrasse 58";"73728";"Esslingen am Neckar";"Berkheim";"48.76143011198847";"9.337779653124652";"ja";"ja";"ja";"ja";"Technisches Hilfswerk";"Amt fuer Bevoelkerungsschutz";"2026-03-22";"mittel";"Regelbetrieb nach kommunalem Notfallplan"
"NK-0059";"Notunterkunft Waldacker 59";"Notunterkunft";"Sporthalle";"ausser Betrieb";"187";"0";"100";"Musterstrasse 59";"73728";"Esslingen am Neckar";"Waldacker";"48.788821602108534";"9.331108792058517";"ja";"ja";"ja";"ja";"Gebaeudemanagement";"Kommunaler Bereitschaftsdienst";"2026-04-25";"mittel";"Regelbetrieb nach kommunalem Notfallplan"
"NK-0060";"Notunterkunft Auenfeld 60";"Notunterkunft";"Sporthalle";"ausser Betrieb";"72";"0";"100";"Musterstrasse 60";"73728";"Esslingen am Neckar";"Auenfeld";"48.78481058512852";"9.30415897668257";"ja";"ja";"ja";"ja";"Ordnungsamt";"Kommunaler Bereitschaftsdienst";"2026-03-12";"mittel";"Regelbetrieb nach kommunalem Notfallplan"
"NK-0061";"Notunterkunft Mitte 61";"Notunterkunft";"Sporthalle";"aktiv";"66";"22";"67";"Musterstrasse 61";"73728";"Esslingen am Neckar";"Mitte";"48.71465338562242";"9.288869225072522";"nein";"nein";"ja";"ja";"Stadtverwaltung";"Amt fuer Bevoelkerungsschutz";"2026-04-16";"niedrig";"Regelbetrieb nach kommunalem Notfallplan"
"NK-0062";"Notunterkunft Nord 62";"Notunterkunft";"Sporthalle";"aktiv";"97";"17";"82";"Musterstrasse 62";"73728";"Esslingen am Neckar";"Nord";"48.727876898460885";"9.304613125901943";"ja";"ja";"ja";"ja";"Feuerwehr";"Kommunaler Bereitschaftsdienst";"2026-05-11";"mittel";"Regelbetrieb nach kommunalem Notfallplan"
"NK-0063";"Notunterkunft Sued 63";"Notunterkunft";"Sporthalle";"aktiv";"139";"20";"86";"Musterstrasse 63";"73728";"Esslingen am Neckar";"Sued";"48.71578700383637";"9.319741532728612";"ja";"ja";"ja";"ja";"DRK";"Kommunaler Bereitschaftsdienst";"2025-10-31";"mittel";"Regelbetrieb nach kommunalem Notfallplan"
"NK-0064";"Notunterkunft Weststadt 64";"Notunterkunft";"Sporthalle";"aktiv";"270";"116";"57";"Musterstrasse 64";"73728";"Esslingen am Neckar";"Weststadt";"48.73127852738969";"9.323116662461361";"ja";"ja";"ja";"ja";"Technisches Hilfswerk";"Amt fuer Bevoelkerungsschutz";"2025-08-22";"hoch";"Zugang ueber Nordseite, Schluessel im Stabsraum hinterlegt"
"NK-0065";"Notunterkunft Oberdorf 65";"Notunterkunft";"Sporthalle";"aktiv";"342";"251";"27";"Musterstrasse 65";"73728";"Esslingen am Neckar";"Oberdorf";"48.74202567492283";"9.33821451269386";"ja";"nein";"ja";"ja";"Gebaeudemanagement";"Kommunaler Bereitschaftsdienst";"2025-10-02";"mittel";"Regelbetrieb nach kommunalem Notfallplan"
"NK-0066";"Notunterkunft Pliensauvorstadt 66";"Notunterkunft";"Sporthalle";"aktiv";"343";"231";"33";"Musterstrasse 66";"73728";"Esslingen am Neckar";"Pliensauvorstadt";"48.752805487009695";"9.3232866509638";"nein";"ja";"ja";"ja";"Ordnungsamt";"Kommunaler Bereitschaftsdienst";"2025-07-15";"niedrig";"Regelbetrieb nach kommunalem Notfallplan"
"NK-0067";"Notunterkunft Zell 67";"Notunterkunft";"Sporthalle";"aktiv";"282";"135";"52";"Musterstrasse 67";"73728";"Esslingen am Neckar";"Zell";"48.7796569319503";"9.326117604798434";"ja";"ja";"ja";"ja";"Stadtverwaltung";"Amt fuer Bevoelkerungsschutz";"2026-01-20";"mittel";"Regelbetrieb nach kommunalem Notfallplan"
"NK-0068";"Notunterkunft Obertal 68";"Notunterkunft";"Sporthalle";"aktiv";"191";"52";"73";"Musterstrasse 68";"73728";"Esslingen am Neckar";"Obertal";"48.768820011152265";"9.304423903841949";"ja";"ja";"ja";"ja";"Feuerwehr";"Kommunaler Bereitschaftsdienst";"2026-05-13";"mittel";"Regelbetrieb nach kommunalem Notfallplan"
"NK-0069";"Notunterkunft Sulzgries 69";"Notunterkunft";"Sporthalle";"aktiv";"268";"61";"77";"Musterstrasse 69";"73728";"Esslingen am Neckar";"Sulzgries";"48.76266434682091";"9.292403830062964";"ja";"nein";"ja";"ja";"DRK";"Kommunaler Bereitschaftsdienst";"2026-03-07";"mittel";"Regelbetrieb nach kommunalem Notfallplan"
"NK-0070";"Notunterkunft Berkheim 70";"Notunterkunft";"Sporthalle";"aktiv";"301";"80";"73";"Musterstrasse 70";"73728";"Esslingen am Neckar";"Berkheim";"48.768589032929285";"9.257462147011147";"ja";"ja";"ja";"ja";"Technisches Hilfswerk";"Amt fuer Bevoelkerungsschutz";"2025-03-28";"mittel";"Regelbetrieb nach kommunalem Notfallplan"
"NK-0071";"Notunterkunft Waldacker 71";"Notunterkunft";"Sporthalle";"aktiv";"162";"77";"52";"Musterstrasse 71";"73728";"Esslingen am Neckar";"Waldacker";"48.74141812081463";"9.253030742965246";"nein";"ja";"ja";"ja";"Gebaeudemanagement";"Kommunaler Bereitschaftsdienst";"2025-05-23";"hoch";"Regelbetrieb nach kommunalem Notfallplan"
"NK-0072";"Notunterkunft Auenfeld 72";"Notunterkunft";"Sporthalle";"ausser Betrieb";"36";"0";"100";"Musterstrasse 72";"73728";"Esslingen am Neckar";"Auenfeld";"48.72861547470766";"9.28212716015524";"ja";"ja";"ja";"ja";"Ordnungsamt";"Kommunaler Bereitschaftsdienst";"2025-09-14";"mittel";"Regelbetrieb nach kommunalem Notfallplan"
"NK-0073";"Notunterkunft Mitte 73";"Notunterkunft";"Sporthalle";"aktiv";"52";"12";"77";"Musterstrasse 73";"73728";"Esslingen am Neckar";"Mitte";"48.7419";"9.320123608744145";"ja";"nein";"ja";"ja";"Stadtverwaltung";"Amt fuer Bevoelkerungsschutz";"2025-11-07";"mittel";"Zugang ueber Nordseite, Schluessel im Stabsraum hinterlegt"
"NK-0074";"Notunterkunft Nord 74";"Notunterkunft";"Sporthalle";"aktiv";"254";"192";"24";"Musterstrasse 74";"73728";"Esslingen am Neckar";"Nord";"48.76021112814457";"9.33624748800371";"ja";"ja";"ja";"ja";"Feuerwehr";"Kommunaler Bereitschaftsdienst";"2025-11-16";"mittel";"Regelbetrieb nach kommunalem Notfallplan"
"NK-0075";"Notunterkunft Sued 75";"Notunterkunft";"Sporthalle";"aktiv";"89";"26";"71";"Musterstrasse 75";"73728";"Esslingen am Neckar";"Sued";"48.75808102269806";"9.313901849985855";"ja";"ja";"ja";"ja";"DRK";"Kommunaler Bereitschaftsdienst";"2025-09-05";"mittel";"Regelbetrieb nach kommunalem Notfallplan"
"NK-0076";"Notunterkunft Weststadt 76";"Notunterkunft";"Sporthalle";"eingeschraenkt";"87";"28";"68";"Musterstrasse 76";"73728";"Esslingen am Neckar";"Weststadt";"48.77788350400064";"9.304499149733454";"nein";"ja";"ja";"ja";"Technisches Hilfswerk";"Amt fuer Bevoelkerungsschutz";"2025-10-20";"niedrig";"Regelbetrieb nach kommunalem Notfallplan"
"NK-0077";"Notunterkunft Oberdorf 77";"Notunterkunft";"Sporthalle";"eingeschraenkt";"98";"50";"49";"Musterstrasse 77";"73728";"Esslingen am Neckar";"Oberdorf";"48.76068643212925";"9.293659841564024";"ja";"nein";"ja";"ja";"Gebaeudemanagement";"Kommunaler Bereitschaftsdienst";"2026-04-30";"mittel";"Regelbetrieb nach kommunalem Notfallplan"
"NK-0078";"Notunterkunft Pliensauvorstadt 78";"Notunterkunft";"Sporthalle";"eingeschraenkt";"260";"66";"75";"Musterstrasse 78";"73728";"Esslingen am Neckar";"Pliensauvorstadt";"48.754602320799435";"9.282359661025113";"ja";"ja";"ja";"ja";"Ordnungsamt";"Kommunaler Bereitschaftsdienst";"2026-04-23";"hoch";"Regelbetrieb nach kommunalem Notfallplan"
"NK-0079";"Notunterkunft Zell 79";"Notunterkunft";"Sporthalle";"ausser Betrieb";"132";"0";"100";"Musterstrasse 79";"73728";"Esslingen am Neckar";"Zell";"48.741645073633485";"9.259121330542134";"ja";"ja";"ja";"ja";"Stadtverwaltung";"Amt fuer Bevoelkerungsschutz";"2026-01-26";"mittel";"Regelbetrieb nach kommunalem Notfallplan"
"NK-0080";"Notunterkunft Obertal 80";"Notunterkunft";"Sporthalle";"geplant";"141";"67";"52";"Musterstrasse 80";"73728";"Esslingen am Neckar";"Obertal";"48.72474354326892";"9.275327908595536";"ja";"ja";"ja";"ja";"Feuerwehr";"Kommunaler Bereitschaftsdienst";"2025-12-25";"mittel";"Regelbetrieb nach kommunalem Notfallplan"
"NK-0081";"Notfall-Anlaufstelle Sulzgries 81";"Notfall-Anlaufstelle";"Buergerhaus";"aktiv";"123";"26";"79";"Musterstrasse 81";"73728";"Esslingen am Neckar";"Sulzgries";"48.69561827358945";"9.278338459978336";"nein";"nein";"ja";"ja";"DRK";"Kommunaler Bereitschaftsdienst";"2025-11-14";"niedrig";"Regelbetrieb nach kommunalem Notfallplan"
"NK-0082";"Notfall-Anlaufstelle Berkheim 82";"Notfall-Anlaufstelle";"Buergerhaus";"aktiv";"48";"20";"58";"Musterstrasse 82";"73728";"Esslingen am Neckar";"Berkheim";"48.687597758730135";"9.305056585069199";"ja";"ja";"ja";"ja";"Technisches Hilfswerk";"Amt fuer Bevoelkerungsschutz";"2025-05-04";"mittel";"Zugang ueber Nordseite, Schluessel im Stabsraum hinterlegt"
"NK-0083";"Notfall-Anlaufstelle Waldacker 83";"Notfall-Anlaufstelle";"Buergerhaus";"aktiv";"178";"26";"85";"Musterstrasse 83";"73728";"Esslingen am Neckar";"Waldacker";"48.71696266847775";"9.31930989624993";"ja";"ja";"ja";"ja";"Gebaeudemanagement";"Kommunaler Bereitschaftsdienst";"2026-03-20";"mittel";"Regelbetrieb nach kommunalem Notfallplan"
"NK-0084";"Notfall-Anlaufstelle Auenfeld 84";"Notfall-Anlaufstelle";"Buergerhaus";"ausser Betrieb";"141";"0";"100";"Musterstrasse 84";"73728";"Esslingen am Neckar";"Auenfeld";"48.714356799437155";"9.35345896882822";"ja";"ja";"ja";"ja";"Ordnungsamt";"Kommunaler Bereitschaftsdienst";"2026-03-30";"mittel";"Regelbetrieb nach kommunalem Notfallplan"
"NK-0085";"Notfall-Anlaufstelle Mitte 85";"Notfall-Anlaufstelle";"Buergerhaus";"aktiv";"296";"88";"70";"Musterstrasse 85";"73728";"Esslingen am Neckar";"Mitte";"48.76900847519993";"9.288948882102314";"ja";"nein";"ja";"ja";"Stadtverwaltung";"Amt fuer Bevoelkerungsschutz";"2025-10-22";"hoch";"Regelbetrieb nach kommunalem Notfallplan"
"NK-0086";"Notfall-Anlaufstelle Nord 86";"Notfall-Anlaufstelle";"Buergerhaus";"aktiv";"236";"173";"27";"Musterstrasse 86";"73728";"Esslingen am Neckar";"Nord";"48.76022116460421";"9.272798170757852";"nein";"ja";"ja";"ja";"Feuerwehr";"Kommunaler Bereitschaftsdienst";"2026-04-09";"niedrig";"Regelbetrieb nach kommunalem Notfallplan"
"NK-0087";"Notfall-Anlaufstelle Sued 87";"Notfall-Anlaufstelle";"Buergerhaus";"aktiv";"322";"110";"66";"Musterstrasse 87";"73728";"Esslingen am Neckar";"Sued";"48.74186644526185";"9.286650036908936";"ja";"ja";"ja";"ja";"DRK";"Kommunaler Bereitschaftsdienst";"2026-01-25";"mittel";"Regelbetrieb nach kommunalem Notfallplan"
"NK-0088";"Notfall-Anlaufstelle Weststadt 88";"Notfall-Anlaufstelle";"Buergerhaus";"aktiv";"91";"71";"22";"Musterstrasse 88";"73728";"Esslingen am Neckar";"Weststadt";"48.72443452101118";"9.274543819850006";"ja";"ja";"ja";"ja";"Technisches Hilfswerk";"Amt fuer Bevoelkerungsschutz";"2025-05-25";"mittel";"Regelbetrieb nach kommunalem Notfallplan"
"NK-0089";"Notfall-Anlaufstelle Oberdorf 89";"Notfall-Anlaufstelle";"Buergerhaus";"aktiv";"281";"228";"19";"Musterstrasse 89";"73728";"Esslingen am Neckar";"Oberdorf";"48.70741474915569";"9.284861426923863";"ja";"nein";"ja";"ja";"Gebaeudemanagement";"Kommunaler Bereitschaftsdienst";"2026-04-13";"mittel";"Regelbetrieb nach kommunalem Notfallplan"
"NK-0090";"Notfall-Anlaufstelle Pliensauvorstadt 90";"Notfall-Anlaufstelle";"Buergerhaus";"aktiv";"98";"18";"82";"Musterstrasse 90";"73728";"Esslingen am Neckar";"Pliensauvorstadt";"48.69192217960365";"9.304833499056146";"ja";"ja";"ja";"ja";"Ordnungsamt";"Kommunaler Bereitschaftsdienst";"2026-03-27";"mittel";"Regelbetrieb nach kommunalem Notfallplan"
"NK-0091";"Notfall-Anlaufstelle Zell 91";"Notfall-Anlaufstelle";"Buergerhaus";"aktiv";"320";"38";"88";"Musterstrasse 91";"73728";"Esslingen am Neckar";"Zell";"48.70421152695884";"9.32664208888801";"nein";"ja";"ja";"ja";"Stadtverwaltung";"Amt fuer Bevoelkerungsschutz";"2025-03-26";"niedrig";"Zugang ueber Nordseite, Schluessel im Stabsraum hinterlegt"
"NK-0092";"Notfall-Anlaufstelle Obertal 92";"Notfall-Anlaufstelle";"Buergerhaus";"aktiv";"235";"31";"87";"Musterstrasse 92";"73728";"Esslingen am Neckar";"Obertal";"48.73005925929289";"9.325422094468998";"ja";"ja";"ja";"ja";"Feuerwehr";"Kommunaler Bereitschaftsdienst";"2026-03-17";"hoch";"Regelbetrieb nach kommunalem Notfallplan"
"NK-0093";"Notfall-Anlaufstelle Sulzgries 93";"Notfall-Anlaufstelle";"Buergerhaus";"aktiv";"189";"47";"75";"Musterstrasse 93";"73728";"Esslingen am Neckar";"Sulzgries";"48.74211589551891";"9.33348299269368";"ja";"nein";"ja";"ja";"DRK";"Kommunaler Bereitschaftsdienst";"2025-03-31";"mittel";"Regelbetrieb nach kommunalem Notfallplan"
"NK-0094";"Notfall-Anlaufstelle Berkheim 94";"Notfall-Anlaufstelle";"Buergerhaus";"aktiv";"130";"50";"62";"Musterstrasse 94";"73728";"Esslingen am Neckar";"Berkheim";"48.75894267113727";"9.333553746757119";"ja";"ja";"ja";"ja";"Technisches Hilfswerk";"Amt fuer Bevoelkerungsschutz";"2026-05-08";"mittel";"Regelbetrieb nach kommunalem Notfallplan"
"NK-0095";"Notfall-Anlaufstelle Waldacker 95";"Notfall-Anlaufstelle";"Buergerhaus";"aktiv";"339";"130";"62";"Musterstrasse 95";"73728";"Esslingen am Neckar";"Waldacker";"48.78675751527803";"9.329942667158221";"ja";"ja";"ja";"ja";"Gebaeudemanagement";"Kommunaler Bereitschaftsdienst";"2025-09-14";"mittel";"Regelbetrieb nach kommunalem Notfallplan"
"NK-0096";"Notfall-Anlaufstelle Auenfeld 96";"Notfall-Anlaufstelle";"Buergerhaus";"ausser Betrieb";"325";"0";"100";"Musterstrasse 96";"73728";"Esslingen am Neckar";"Auenfeld";"48.77080113963898";"9.304302961951162";"nein";"ja";"ja";"ja";"Ordnungsamt";"Kommunaler Bereitschaftsdienst";"2026-01-01";"niedrig";"Regelbetrieb nach kommunalem Notfallplan"
"NK-0097";"Notfall-Anlaufstelle Mitte 97";"Notfall-Anlaufstelle";"Buergerhaus";"eingeschraenkt";"227";"175";"23";"Musterstrasse 97";"73728";"Esslingen am Neckar";"Mitte";"48.715503639293146";"9.289360117223014";"ja";"nein";"ja";"ja";"Stadtverwaltung";"Amt fuer Bevoelkerungsschutz";"2025-09-09";"mittel";"Regelbetrieb nach kommunalem Notfallplan"
"NK-0098";"Notfall-Anlaufstelle Nord 98";"Notfall-Anlaufstelle";"Buergerhaus";"eingeschraenkt";"81";"41";"49";"Musterstrasse 98";"73728";"Esslingen am Neckar";"Nord";"48.71205091391217";"9.304627939338237";"ja";"ja";"ja";"ja";"Feuerwehr";"Kommunaler Bereitschaftsdienst";"2025-12-24";"mittel";"Regelbetrieb nach kommunalem Notfallplan"
"NK-0099";"Notfall-Anlaufstelle Sued 99";"Notfall-Anlaufstelle";"Buergerhaus";"ausser Betrieb";"203";"0";"100";"Musterstrasse 99";"73728";"Esslingen am Neckar";"Sued";"48.726636718493516";"9.313450362288123";"ja";"ja";"ja";"ja";"DRK";"Kommunaler Bereitschaftsdienst";"2025-09-15";"hoch";"Regelbetrieb nach kommunalem Notfallplan"
"NK-0100";"Notfall-Anlaufstelle Weststadt 100";"Notfall-Anlaufstelle";"Buergerhaus";"geplant";"264";"54";"80";"Musterstrasse 100";"73728";"Esslingen am Neckar";"Weststadt";"48.73121488128651";"9.323227618206651";"ja";"ja";"ja";"ja";"Technisches Hilfswerk";"Amt fuer Bevoelkerungsschutz";"2025-07-26";"mittel";"Zugang ueber Nordseite, Schluessel im Stabsraum hinterlegt"
"NK-0101";"Notfall-Anlaufstelle Oberdorf 101";"Notfall-Anlaufstelle";"Buergerhaus";"aktiv";"224";"71";"68";"Musterstrasse 101";"73728";"Esslingen am Neckar";"Oberdorf";"48.74206113461901";"9.347698985655377";"nein";"nein";"ja";"ja";"Gebaeudemanagement";"Kommunaler Bereitschaftsdienst";"2026-03-07";"niedrig";"Regelbetrieb nach kommunalem Notfallplan"
"NK-0102";"Notfall-Anlaufstelle Pliensauvorstadt 102";"Notfall-Anlaufstelle";"Buergerhaus";"aktiv";"230";"182";"21";"Musterstrasse 102";"73728";"Esslingen am Neckar";"Pliensauvorstadt";"48.75485166446656";"9.326792794606199";"ja";"ja";"ja";"ja";"Ordnungsamt";"Kommunaler Bereitschaftsdienst";"2026-05-02";"mittel";"Regelbetrieb nach kommunalem Notfallplan"
"NK-0103";"Notfall-Anlaufstelle Zell 103";"Notfall-Anlaufstelle";"Buergerhaus";"aktiv";"222";"84";"62";"Musterstrasse 103";"73728";"Esslingen am Neckar";"Zell";"48.76221957910294";"9.31618009007149";"ja";"ja";"ja";"ja";"Stadtverwaltung";"Amt fuer Bevoelkerungsschutz";"2026-01-11";"mittel";"Regelbetrieb nach kommunalem Notfallplan"
"NK-0104";"Notfall-Anlaufstelle Obertal 104";"Notfall-Anlaufstelle";"Buergerhaus";"aktiv";"199";"39";"80";"Musterstrasse 104";"73728";"Esslingen am Neckar";"Obertal";"48.769451404524446";"9.304419773607885";"ja";"ja";"ja";"ja";"Feuerwehr";"Kommunaler Bereitschaftsdienst";"2025-10-29";"mittel";"Regelbetrieb nach kommunalem Notfallplan"
"NK-0105";"Notfall-Anlaufstelle Sulzgries 105";"Notfall-Anlaufstelle";"Buergerhaus";"aktiv";"114";"27";"76";"Musterstrasse 105";"73728";"Esslingen am Neckar";"Sulzgries";"48.785686240967344";"9.278881664607718";"ja";"nein";"ja";"ja";"DRK";"Kommunaler Bereitschaftsdienst";"2025-12-16";"mittel";"Regelbetrieb nach kommunalem Notfallplan"
"NK-0106";"Notfall-Anlaufstelle Berkheim 106";"Notfall-Anlaufstelle";"Buergerhaus";"aktiv";"135";"26";"81";"Musterstrasse 106";"73728";"Esslingen am Neckar";"Berkheim";"48.75520291346014";"9.281104552238036";"nein";"ja";"ja";"ja";"Technisches Hilfswerk";"Amt fuer Bevoelkerungsschutz";"2026-05-03";"hoch";"Regelbetrieb nach kommunalem Notfallplan"
"NK-0107";"Notfall-Anlaufstelle Waldacker 107";"Notfall-Anlaufstelle";"Buergerhaus";"aktiv";"217";"81";"63";"Musterstrasse 107";"73728";"Esslingen am Neckar";"Waldacker";"48.74139312090839";"9.25035532840117";"ja";"ja";"ja";"ja";"Gebaeudemanagement";"Kommunaler Bereitschaftsdienst";"2026-01-16";"mittel";"Regelbetrieb nach kommunalem Notfallplan"
"NK-0108";"Notfall-Anlaufstelle Auenfeld 108";"Notfall-Anlaufstelle";"Buergerhaus";"ausser Betrieb";"204";"0";"100";"Musterstrasse 108";"73728";"Esslingen am Neckar";"Auenfeld";"48.72713590423607";"9.279624236677336";"ja";"ja";"ja";"ja";"Ordnungsamt";"Kommunaler Bereitschaftsdienst";"2025-04-02";"mittel";"Regelbetrieb nach kommunalem Notfallplan"
"NK-0109";"Notfall-Anlaufstelle Mitte 109";"Notfall-Anlaufstelle";"Buergerhaus";"aktiv";"204";"111";"46";"Musterstrasse 109";"73728";"Esslingen am Neckar";"Mitte";"48.7419";"9.345744696421923";"ja";"nein";"ja";"ja";"Stadtverwaltung";"Amt fuer Bevoelkerungsschutz";"2026-05-12";"mittel";"Zugang ueber Nordseite, Schluessel im Stabsraum hinterlegt"
"NK-0110";"Notfall-Anlaufstelle Nord 110";"Notfall-Anlaufstelle";"Buergerhaus";"aktiv";"224";"87";"61";"Musterstrasse 110";"73728";"Esslingen am Neckar";"Nord";"48.755539468473934";"9.328173365414616";"ja";"ja";"ja";"ja";"Feuerwehr";"Kommunaler Bereitschaftsdienst";"2025-12-08";"mittel";"Regelbetrieb nach kommunalem Notfallplan"
"NK-0111";"Notfall-Anlaufstelle Sued 111";"Notfall-Anlaufstelle";"Buergerhaus";"aktiv";"102";"24";"76";"Musterstrasse 111";"73728";"Esslingen am Neckar";"Sued";"48.779084687274455";"9.325976052011809";"nein";"ja";"ja";"ja";"DRK";"Kommunaler Bereitschaftsdienst";"2025-08-19";"niedrig";"Regelbetrieb nach kommunalem Notfallplan"
"NK-0112";"Notfall-Anlaufstelle Weststadt 112";"Notfall-Anlaufstelle";"Buergerhaus";"aktiv";"308";"234";"24";"Musterstrasse 112";"73728";"Esslingen am Neckar";"Weststadt";"48.77191573398185";"9.304515875486373";"ja";"ja";"ja";"ja";"Technisches Hilfswerk";"Amt fuer Bevoelkerungsschutz";"2026-02-05";"mittel";"Regelbetrieb nach kommunalem Notfallplan"
"NK-0113";"Notfall-Anlaufstelle Oberdorf 113";"Notfall-Anlaufstelle";"Buergerhaus";"aktiv";"44";"5";"89";"Musterstrasse 113";"73728";"Esslingen am Neckar";"Oberdorf";"48.76207568016261";"9.292850821868997";"ja";"nein";"ja";"ja";"Gebaeudemanagement";"Kommunaler Bereitschaftsdienst";"2026-05-09";"hoch";"Regelbetrieb nach kommunalem Notfallplan"
"NK-0114";"Notfall-Anlaufstelle Pliensauvorstadt 114";"Notfall-Anlaufstelle";"Buergerhaus";"aktiv";"236";"34";"86";"Musterstrasse 114";"73728";"Esslingen am Neckar";"Pliensauvorstadt";"48.75686742539135";"9.278393716948194";"ja";"ja";"ja";"ja";"Ordnungsamt";"Kommunaler Bereitschaftsdienst";"2026-03-12";"mittel";"Regelbetrieb nach kommunalem Notfallplan"
"NK-0115";"Notfall-Anlaufstelle Zell 115";"Notfall-Anlaufstelle";"Buergerhaus";"aktiv";"91";"47";"48";"Musterstrasse 115";"73728";"Esslingen am Neckar";"Zell";"48.74175783158443";"9.279237263035848";"ja";"ja";"ja";"ja";"Stadtverwaltung";"Amt fuer Bevoelkerungsschutz";"2025-07-06";"mittel";"Regelbetrieb nach kommunalem Notfallplan"
"NK-0116";"Notfall-Anlaufstelle Obertal 116";"Notfall-Anlaufstelle";"Buergerhaus";"eingeschraenkt";"155";"41";"74";"Musterstrasse 116";"73728";"Esslingen am Neckar";"Obertal";"48.718593883452534";"9.264835450445625";"nein";"ja";"ja";"ja";"Feuerwehr";"Kommunaler Bereitschaftsdienst";"2025-07-23";"niedrig";"Regelbetrieb nach kommunalem Notfallplan"
"NK-0117";"Notfall-Anlaufstelle Sulzgries 117";"Notfall-Anlaufstelle";"Buergerhaus";"eingeschraenkt";"265";"220";"17";"Musterstrasse 117";"73728";"Esslingen am Neckar";"Sulzgries";"48.718450826151965";"9.291294285947275";"ja";"nein";"ja";"ja";"DRK";"Kommunaler Bereitschaftsdienst";"2025-07-10";"mittel";"Regelbetrieb nach kommunalem Notfallplan"
"NK-0118";"Notfall-Anlaufstelle Berkheim 118";"Notfall-Anlaufstelle";"Buergerhaus";"eingeschraenkt";"58";"16";"72";"Musterstrasse 118";"73728";"Esslingen am Neckar";"Berkheim";"48.69407956134133";"9.305002084661398";"ja";"ja";"ja";"ja";"Technisches Hilfswerk";"Amt fuer Bevoelkerungsschutz";"2025-10-06";"mittel";"Zugang ueber Nordseite, Schluessel im Stabsraum hinterlegt"
"NK-0119";"Notfall-Anlaufstelle Waldacker 119";"Notfall-Anlaufstelle";"Buergerhaus";"ausser Betrieb";"179";"0";"100";"Musterstrasse 119";"73728";"Esslingen am Neckar";"Waldacker";"48.709436370362496";"9.323749467674103";"ja";"ja";"ja";"ja";"Gebaeudemanagement";"Kommunaler Bereitschaftsdienst";"2025-12-10";"mittel";"Regelbetrieb nach kommunalem Notfallplan"
"NK-0120";"Notfall-Anlaufstelle Auenfeld 120";"Notfall-Anlaufstelle";"Buergerhaus";"ausser Betrieb";"219";"0";"100";"Musterstrasse 120";"73728";"Esslingen am Neckar";"Auenfeld";"48.7149296040454";"9.352442868958656";"ja";"ja";"ja";"ja";"Ordnungsamt";"Kommunaler Bereitschaftsdienst";"2025-11-01";"hoch";"Regelbetrieb nach kommunalem Notfallplan"
"NK-0121";"Notfall-Anlaufstelle Mitte 121";"Notfall-Anlaufstelle";"Buergerhaus";"aktiv";"100";"53";"47";"Musterstrasse 1";"73728";"Esslingen am Neckar";"Mitte";"48.777255313758126";"9.284187557770881";"nein";"nein";"ja";"ja";"Stadtverwaltung";"Amt fuer Bevoelkerungsschutz";"2026-04-23";"niedrig";"Regelbetrieb nach kommunalem Notfallplan"
"NK-0122";"Notfall-Anlaufstelle Nord 122";"Notfall-Anlaufstelle";"Buergerhaus";"aktiv";"297";"210";"29";"Musterstrasse 2";"73728";"Esslingen am Neckar";"Nord";"48.75653594520785";"9.279194964875174";"ja";"ja";"ja";"ja";"Feuerwehr";"Kommunaler Bereitschaftsdienst";"2025-08-29";"mittel";"Regelbetrieb nach kommunalem Notfallplan"
"NK-0123";"Notfall-Anlaufstelle Sued 123";"Notfall-Anlaufstelle";"Buergerhaus";"aktiv";"42";"33";"21";"Musterstrasse 3";"73728";"Esslingen am Neckar";"Sued";"48.74181774490351";"9.260597989331792";"ja";"ja";"ja";"ja";"DRK";"Kommunaler Bereitschaftsdienst";"2025-09-21";"mittel";"Regelbetrieb nach kommunalem Notfallplan"
"NK-0124";"Notfall-Anlaufstelle Weststadt 124";"Notfall-Anlaufstelle";"Buergerhaus";"aktiv";"173";"62";"64";"Musterstrasse 4";"73728";"Esslingen am Neckar";"Weststadt";"48.73297258918365";"9.289236901859898";"ja";"ja";"ja";"ja";"Technisches Hilfswerk";"Amt fuer Bevoelkerungsschutz";"2025-05-25";"mittel";"Regelbetrieb nach kommunalem Notfallplan"
"NK-0125";"Notfall-Anlaufstelle Oberdorf 125";"Notfall-Anlaufstelle";"Buergerhaus";"aktiv";"176";"125";"29";"Musterstrasse 5";"73728";"Esslingen am Neckar";"Oberdorf";"48.71670994254873";"9.290181784165101";"ja";"nein";"ja";"ja";"Gebaeudemanagement";"Kommunaler Bereitschaftsdienst";"2026-02-24";"mittel";"Regelbetrieb nach kommunalem Notfallplan"
"NK-0126";"Notfall-Anlaufstelle Pliensauvorstadt 126";"Notfall-Anlaufstelle";"Buergerhaus";"aktiv";"316";"217";"31";"Musterstrasse 6";"73728";"Esslingen am Neckar";"Pliensauvorstadt";"48.71807232493288";"9.304711324175289";"nein";"ja";"ja";"ja";"Ordnungsamt";"Kommunaler Bereitschaftsdienst";"2025-05-10";"niedrig";"Regelbetrieb nach kommunalem Notfallplan"
"NK-0127";"Notfall-Anlaufstelle Zell 127";"Notfall-Anlaufstelle";"Buergerhaus";"aktiv";"183";"152";"17";"Musterstrasse 7";"73728";"Esslingen am Neckar";"Zell";"48.722854906886546";"9.3157385153447";"ja";"ja";"ja";"ja";"Stadtverwaltung";"Amt fuer Bevoelkerungsschutz";"2025-11-24";"hoch";"Zugang ueber Nordseite, Schluessel im Stabsraum hinterlegt"
"NK-0128";"Notfall-Anlaufstelle Obertal 128";"Notfall-Anlaufstelle";"Buergerhaus";"aktiv";"167";"36";"78";"Musterstrasse 8";"73728";"Esslingen am Neckar";"Obertal";"48.72403218816004";"9.33602077639302";"ja";"ja";"ja";"ja";"Feuerwehr";"Kommunaler Bereitschaftsdienst";"2025-12-07";"mittel";"Regelbetrieb nach kommunalem Notfallplan"
"NK-0129";"Notfall-Anlaufstelle Sulzgries 129";"Notfall-Anlaufstelle";"Buergerhaus";"aktiv";"281";"184";"35";"Musterstrasse 9";"73728";"Esslingen am Neckar";"Sulzgries";"48.742100017521224";"9.331358798114323";"ja";"nein";"ja";"ja";"DRK";"Kommunaler Bereitschaftsdienst";"2025-12-11";"mittel";"Regelbetrieb nach kommunalem Notfallplan"
"NK-0130";"Notfall-Anlaufstelle Berkheim 130";"Notfall-Anlaufstelle";"Buergerhaus";"aktiv";"113";"93";"18";"Musterstrasse 10";"73728";"Esslingen am Neckar";"Berkheim";"48.76022384897088";"9.335730336227538";"ja";"ja";"ja";"ja";"Technisches Hilfswerk";"Amt fuer Bevoelkerungsschutz";"2025-07-02";"mittel";"Regelbetrieb nach kommunalem Notfallplan"
"NK-0131";"Notfall-Anlaufstelle Waldacker 131";"Notfall-Anlaufstelle";"Buergerhaus";"aktiv";"261";"147";"44";"Musterstrasse 11";"73728";"Esslingen am Neckar";"Waldacker";"48.7761070004647";"9.323925560541747";"nein";"ja";"ja";"ja";"Gebaeudemanagement";"Kommunaler Bereitschaftsdienst";"2025-08-25";"niedrig";"Regelbetrieb nach kommunalem Notfallplan"
"NK-0132";"Notfall-Anlaufstelle Auenfeld 132";"Notfall-Anlaufstelle";"Buergerhaus";"ausser Betrieb";"236";"0";"100";"Musterstrasse 12";"73728";"Esslingen am Neckar";"Auenfeld";"48.77738373969124";"9.304235307779035";"ja";"ja";"ja";"ja";"Ordnungsamt";"Kommunaler Bereitschaftsdienst";"2025-07-28";"mittel";"Regelbetrieb nach kommunalem Notfallplan"
"NK-0133";"Notfall-Anlaufstelle Mitte 133";"Notfall-Anlaufstelle";"Buergerhaus";"aktiv";"318";"43";"86";"Musterstrasse 13";"73728";"Esslingen am Neckar";"Mitte";"48.72612686232941";"9.295493412474748";"ja";"nein";"ja";"ja";"Stadtverwaltung";"Amt fuer Bevoelkerungsschutz";"2025-12-22";"mittel";"Regelbetrieb nach kommunalem Notfallplan"
"NK-0134";"Notfall-Anlaufstelle Nord 134";"Notfall-Anlaufstelle";"Buergerhaus";"aktiv";"100";"73";"27";"Musterstrasse 14";"73728";"Esslingen am Neckar";"Nord";"48.70620182568223";"9.30463341420115";"ja";"ja";"ja";"ja";"Feuerwehr";"Kommunaler Bereitschaftsdienst";"2025-03-30";"hoch";"Regelbetrieb nach kommunalem Notfallplan"
"NK-0135";"Notfall-Anlaufstelle Sued 135";"Notfall-Anlaufstelle";"Buergerhaus";"aktiv";"102";"51";"50";"Musterstrasse 15";"73728";"Esslingen am Neckar";"Sued";"48.70549546639166";"9.325709045995577";"ja";"ja";"ja";"ja";"DRK";"Kommunaler Bereitschaftsdienst";"2025-09-26";"mittel";"Regelbetrieb nach kommunalem Notfallplan"
"NK-0136";"Notfall-Anlaufstelle Weststadt 136";"Notfall-Anlaufstelle";"Buergerhaus";"eingeschraenkt";"178";"128";"28";"Musterstrasse 16";"73728";"Esslingen am Neckar";"Weststadt";"48.723905910868524";"9.335969517859864";"nein";"ja";"ja";"ja";"Technisches Hilfswerk";"Amt fuer Bevoelkerungsschutz";"2026-02-13";"niedrig";"Zugang ueber Nordseite, Schluessel im Stabsraum hinterlegt"
"NK-0137";"Notfall-Anlaufstelle Oberdorf 137";"Notfall-Anlaufstelle";"Buergerhaus";"eingeschraenkt";"316";"120";"62";"Musterstrasse 17";"73728";"Esslingen am Neckar";"Oberdorf";"48.74207313640919";"9.350909127498593";"ja";"nein";"ja";"ja";"Gebaeudemanagement";"Kommunaler Bereitschaftsdienst";"2025-04-13";"mittel";"Regelbetrieb nach kommunalem Notfallplan"
"NK-0138";"Notfall-Anlaufstelle Pliensauvorstadt 138";"Notfall-Anlaufstelle";"Buergerhaus";"eingeschraenkt";"297";"228";"23";"Musterstrasse 18";"73728";"Esslingen am Neckar";"Pliensauvorstadt";"48.75168396855797";"9.321364918918436";"ja";"ja";"ja";"ja";"Ordnungsamt";"Kommunaler Bereitschaftsdienst";"2025-05-31";"mittel";"Regelbetrieb nach kommunalem Notfallplan"
"NK-0139";"Notfall-Anlaufstelle Zell 139";"Notfall-Anlaufstelle";"Buergerhaus";"ausser Betrieb";"210";"0";"100";"Musterstrasse 19";"73728";"Esslingen am Neckar";"Zell";"48.761388995703584";"9.315706742147908";"ja";"ja";"ja";"ja";"Stadtverwaltung";"Amt fuer Bevoelkerungsschutz";"2025-12-11";"mittel";"Regelbetrieb nach kommunalem Notfallplan"
"NK-0140";"Notfall-Anlaufstelle Obertal 140";"Notfall-Anlaufstelle";"Buergerhaus";"geplant";"58";"16";"72";"Musterstrasse 20";"73728";"Esslingen am Neckar";"Obertal";"48.76504300711938";"9.30444861096021";"ja";"ja";"ja";"ja";"Feuerwehr";"Kommunaler Bereitschaftsdienst";"2025-04-01";"mittel";"Regelbetrieb nach kommunalem Notfallplan"
"NK-0141";"Notfall-Anlaufstelle Sulzgries 141";"Notfall-Anlaufstelle";"Buergerhaus";"aktiv";"147";"20";"86";"Musterstrasse 21";"73728";"Esslingen am Neckar";"Sulzgries";"48.7811892561557";"9.281523018628638";"nein";"nein";"ja";"ja";"DRK";"Kommunaler Bereitschaftsdienst";"2026-05-15";"hoch";"Regelbetrieb nach kommunalem Notfallplan"
"NK-0142";"Notfall-Anlaufstelle Berkheim 142";"Notfall-Anlaufstelle";"Buergerhaus";"aktiv";"293";"172";"41";"Musterstrasse 22";"73728";"Esslingen am Neckar";"Berkheim";"48.7594451061737";"9.273612041849512";"ja";"ja";"ja";"ja";"Technisches Hilfswerk";"Amt fuer Bevoelkerungsschutz";"2025-05-11";"mittel";"Regelbetrieb nach kommunalem Notfallplan"
"NK-0143";"Notfall-Anlaufstelle Waldacker 143";"Notfall-Anlaufstelle";"Buergerhaus";"aktiv";"130";"51";"61";"Musterstrasse 23";"73728";"Esslingen am Neckar";"Waldacker";"48.74145976730463";"9.257487624716624";"ja";"ja";"ja";"ja";"Gebaeudemanagement";"Kommunaler Bereitschaftsdienst";"2026-02-14";"mittel";"Regelbetrieb nach kommunalem Notfallplan"
"NK-0144";"Notfall-Anlaufstelle Auenfeld 144";"Notfall-Anlaufstelle";"Buergerhaus";"ausser Betrieb";"326";"0";"100";"Musterstrasse 24";"73728";"Esslingen am Neckar";"Auenfeld";"48.72536843766052";"9.276634292181074";"ja";"ja";"ja";"ja";"Ordnungsamt";"Kommunaler Bereitschaftsdienst";"2025-04-29";"mittel";"Regelbetrieb nach kommunalem Notfallplan"
"NK-0145";"Notfall-Anlaufstelle Mitte 145";"Notfall-Anlaufstelle";"Buergerhaus";"aktiv";"135";"100";"26";"Musterstrasse 25";"73728";"Esslingen am Neckar";"Mitte";"48.7419";"9.32019400342405";"ja";"nein";"ja";"ja";"Stadtverwaltung";"Amt fuer Bevoelkerungsschutz";"2025-04-03";"mittel";"Zugang ueber Nordseite, Schluessel im Stabsraum hinterlegt"
"NK-0146";"Notfall-Anlaufstelle Nord 146";"Notfall-Anlaufstelle";"Buergerhaus";"aktiv";"151";"67";"56";"Musterstrasse 26";"73728";"Esslingen am Neckar";"Nord";"48.75294530533489";"9.32368982151856";"nein";"ja";"ja";"ja";"Feuerwehr";"Kommunaler Bereitschaftsdienst";"2025-07-20";"niedrig";"Regelbetrieb nach kommunalem Notfallplan"
"NK-0147";"Notfall-Anlaufstelle Sued 147";"Notfall-Anlaufstelle";"Buergerhaus";"aktiv";"34";"17";"50";"Musterstrasse 27";"73728";"Esslingen am Neckar";"Sued";"48.76473033493559";"9.317724284828007";"ja";"ja";"ja";"ja";"DRK";"Kommunaler Bereitschaftsdienst";"2025-07-15";"mittel";"Regelbetrieb nach kommunalem Notfallplan"
"NK-0148";"Notfall-Anlaufstelle Weststadt 148";"Notfall-Anlaufstelle";"Buergerhaus";"aktiv";"229";"187";"18";"Musterstrasse 28";"73728";"Esslingen am Neckar";"Weststadt";"48.775632262024025";"9.30450545924554";"ja";"ja";"ja";"ja";"Technisches Hilfswerk";"Amt fuer Bevoelkerungsschutz";"2025-10-10";"hoch";"Regelbetrieb nach kommunalem Notfallplan"
"NK-0149";"Notfall-Anlaufstelle Oberdorf 149";"Notfall-Anlaufstelle";"Buergerhaus";"aktiv";"105";"21";"80";"Musterstrasse 29";"73728";"Esslingen am Neckar";"Oberdorf";"48.77238761082889";"9.286845735086482";"ja";"nein";"ja";"ja";"Gebaeudemanagement";"Kommunaler Bereitschaftsdienst";"2025-12-13";"mittel";"Regelbetrieb nach kommunalem Notfallplan"
"NK-0150";"Notfall-Anlaufstelle Pliensauvorstadt 150";"Notfall-Anlaufstelle";"Buergerhaus";"aktiv";"188";"19";"90";"Musterstrasse 30";"73728";"Esslingen am Neckar";"Pliensauvorstadt";"48.756001407360905";"9.27991001738332";"ja";"ja";"ja";"ja";"Ordnungsamt";"Kommunaler Bereitschaftsdienst";"2025-09-09";"mittel";"Regelbetrieb nach kommunalem Notfallplan"
"NK-0151";"Notfall-Anlaufstelle Zell 151";"Notfall-Anlaufstelle";"Buergerhaus";"aktiv";"43";"23";"47";"Musterstrasse 31";"73728";"Esslingen am Neckar";"Zell";"48.741744874034126";"9.276925645938842";"nein";"ja";"ja";"ja";"Stadtverwaltung";"Amt fuer Bevoelkerungsschutz";"2025-07-17";"niedrig";"Regelbetrieb nach kommunalem Notfallplan"
"NK-0152";"Notfall-Anlaufstelle Obertal 152";"Notfall-Anlaufstelle";"Buergerhaus";"aktiv";"124";"16";"87";"Musterstrasse 32";"73728";"Esslingen am Neckar";"Obertal";"48.71988986930302";"9.267046642235913";"ja";"ja";"ja";"ja";"Feuerwehr";"Kommunaler Bereitschaftsdienst";"2026-03-24";"mittel";"Regelbetrieb nach kommunalem Notfallplan"
"NK-0153";"Notfall-Anlaufstelle Sulzgries 153";"Notfall-Anlaufstelle";"Buergerhaus";"aktiv";"316";"79";"75";"Musterstrasse 33";"73728";"Esslingen am Neckar";"Sulzgries";"48.699743055524856";"9.280678976080013";"ja";"nein";"ja";"ja";"DRK";"Kommunaler Bereitschaftsdienst";"2026-04-07";"mittel";"Regelbetrieb nach kommunalem Notfallplan"
"NK-0154";"Notfall-Anlaufstelle Berkheim 154";"Notfall-Anlaufstelle";"Buergerhaus";"aktiv";"131";"69";"47";"Musterstrasse 34";"73728";"Esslingen am Neckar";"Berkheim";"48.68964442571603";"9.30503937624751";"ja";"ja";"ja";"ja";"Technisches Hilfswerk";"Amt fuer Bevoelkerungsschutz";"2025-12-10";"mittel";"Zugang ueber Nordseite, Schluessel im Stabsraum hinterlegt"
"NK-0155";"Notfall-Anlaufstelle Waldacker 155";"Notfall-Anlaufstelle";"Buergerhaus";"aktiv";"170";"65";"62";"Musterstrasse 35";"73728";"Esslingen am Neckar";"Waldacker";"48.71334914893552";"9.321441419324714";"ja";"ja";"ja";"ja";"Gebaeudemanagement";"Kommunaler Bereitschaftsdienst";"2025-07-22";"hoch";"Regelbetrieb nach kommunalem Notfallplan"
"NK-0156";"Notfall-Anlaufstelle Auenfeld 156";"Notfall-Anlaufstelle";"Buergerhaus";"ausser Betrieb";"56";"0";"100";"Musterstrasse 36";"73728";"Esslingen am Neckar";"Auenfeld";"48.715647396535";"9.351169574637098";"nein";"ja";"ja";"ja";"Ordnungsamt";"Kommunaler Bereitschaftsdienst";"2025-09-08";"niedrig";"Regelbetrieb nach kommunalem Notfallplan"
"NK-0157";"Notfall-Anlaufstelle Mitte 157";"Notfall-Anlaufstelle";"Buergerhaus";"eingeschraenkt";"333";"224";"33";"Musterstrasse 37";"73728";"Esslingen am Neckar";"Mitte";"48.75862155210919";"9.294945787375978";"ja";"nein";"ja";"ja";"Stadtverwaltung";"Amt fuer Bevoelkerungsschutz";"2025-12-25";"mittel";"Regelbetrieb nach kommunalem Notfallplan"
"NK-0158";"Notfall-Anlaufstelle Nord 158";"Notfall-Anlaufstelle";"Buergerhaus";"eingeschraenkt";"251";"63";"75";"Musterstrasse 38";"73728";"Esslingen am Neckar";"Nord";"48.760711276607545";"9.271947435633951";"ja";"ja";"ja";"ja";"Feuerwehr";"Kommunaler Bereitschaftsdienst";"2025-10-26";"mittel";"Regelbetrieb nach kommunalem Notfallplan"
"NK-0159";"Notfall-Anlaufstelle Sued 159";"Notfall-Anlaufstelle";"Buergerhaus";"ausser Betrieb";"152";"0";"100";"Musterstrasse 39";"73728";"Esslingen am Neckar";"Sued";"48.74184924354184";"9.277448050655314";"ja";"ja";"ja";"ja";"DRK";"Kommunaler Bereitschaftsdienst";"2026-01-09";"mittel";"Regelbetrieb nach kommunalem Notfallplan"
"NK-0160";"Notfall-Anlaufstelle Weststadt 160";"Notfall-Anlaufstelle";"Buergerhaus";"geplant";"120";"65";"46";"Musterstrasse 40";"73728";"Esslingen am Neckar";"Weststadt";"48.718379490102315";"9.264123773544544";"ja";"ja";"ja";"ja";"Technisches Hilfswerk";"Amt fuer Bevoelkerungsschutz";"2025-07-10";"mittel";"Regelbetrieb nach kommunalem Notfallplan"
"NK-0161";"Notfall-Anlaufstelle Oberdorf 161";"Notfall-Anlaufstelle";"Buergerhaus";"aktiv";"50";"36";"28";"Musterstrasse 41";"73728";"Esslingen am Neckar";"Oberdorf";"48.71490955509019";"9.289151283340956";"nein";"nein";"ja";"ja";"Gebaeudemanagement";"Kommunaler Bereitschaftsdienst";"2026-02-08";"niedrig";"Regelbetrieb nach kommunalem Notfallplan"
"NK-0162";"Notfall-Anlaufstelle Pliensauvorstadt 162";"Notfall-Anlaufstelle";"Buergerhaus";"aktiv";"71";"12";"83";"Musterstrasse 42";"73728";"Esslingen am Neckar";"Pliensauvorstadt";"48.70272455285008";"9.304783029789236";"ja";"ja";"ja";"ja";"Ordnungsamt";"Kommunaler Bereitschaftsdienst";"2026-02-22";"hoch";"Regelbetrieb nach kommunalem Notfallplan"
"NK-0163";"Notfall-Anlaufstelle Zell 163";"Notfall-Anlaufstelle";"Buergerhaus";"aktiv";"74";"23";"69";"Musterstrasse 43";"73728";"Esslingen am Neckar";"Zell";"48.703292621023465";"9.327179510669072";"ja";"ja";"ja";"ja";"Stadtverwaltung";"Amt fuer Bevoelkerungsschutz";"2025-11-05";"mittel";"Zugang ueber Nordseite, Schluessel im Stabsraum hinterlegt"
"NK-0164";"Notfall-Anlaufstelle Obertal 164";"Notfall-Anlaufstelle";"Buergerhaus";"aktiv";"135";"104";"23";"Musterstrasse 44";"73728";"Esslingen am Neckar";"Obertal";"48.72073793857645";"9.341813756556228";"ja";"ja";"ja";"ja";"Feuerwehr";"Kommunaler Bereitschaftsdienst";"2026-05-12";"mittel";"Regelbetrieb nach kommunalem Notfallplan"
"NK-0165";"Notfall-Anlaufstelle Sulzgries 165";"Notfall-Anlaufstelle";"Buergerhaus";"aktiv";"80";"16";"80";"Musterstrasse 45";"73728";"Esslingen am Neckar";"Sulzgries";"48.74213469432929";"9.33599794022827";"ja";"nein";"ja";"ja";"DRK";"Kommunaler Bereitschaftsdienst";"2026-03-01";"mittel";"Regelbetrieb nach kommunalem Notfallplan"
"NK-0166";"Notfall-Anlaufstelle Berkheim 166";"Notfall-Anlaufstelle";"Buergerhaus";"aktiv";"190";"160";"16";"Musterstrasse 46";"73728";"Esslingen am Neckar";"Berkheim";"48.76728838027897";"9.347732248885753";"nein";"ja";"ja";"ja";"Technisches Hilfswerk";"Amt fuer Bevoelkerungsschutz";"2025-08-25";"niedrig";"Regelbetrieb nach kommunalem Notfallplan"
"NK-0167";"Notfall-Anlaufstelle Waldacker 167";"Notfall-Anlaufstelle";"Buergerhaus";"aktiv";"225";"62";"72";"Musterstrasse 47";"73728";"Esslingen am Neckar";"Waldacker";"48.7856474939966";"9.329315550393073";"ja";"ja";"ja";"ja";"Gebaeudemanagement";"Kommunaler Bereitschaftsdienst";"2025-03-26";"mittel";"Regelbetrieb nach kommunalem Notfallplan"
"NK-0168";"Notfall-Anlaufstelle Auenfeld 168";"Notfall-Anlaufstelle";"Buergerhaus";"ausser Betrieb";"72";"0";"100";"Musterstrasse 48";"73728";"Esslingen am Neckar";"Auenfeld";"48.77267672220493";"9.30428368522392";"ja";"ja";"ja";"ja";"Ordnungsamt";"Kommunaler Bereitschaftsdienst";"2026-01-05";"mittel";"Regelbetrieb nach kommunalem Notfallplan"
"NK-0169";"Notfall-Anlaufstelle Mitte 169";"Notfall-Anlaufstelle";"Buergerhaus";"aktiv";"297";"235";"21";"Musterstrasse 49";"73728";"Esslingen am Neckar";"Mitte";"48.71618688866269";"9.289754589795008";"ja";"nein";"ja";"ja";"Stadtverwaltung";"Amt fuer Bevoelkerungsschutz";"2025-09-29";"hoch";"Regelbetrieb nach kommunalem Notfallplan"
"NK-0170";"Notfall-Anlaufstelle Nord 170";"Notfall-Anlaufstelle";"Buergerhaus";"aktiv";"331";"147";"56";"Musterstrasse 50";"73728";"Esslingen am Neckar";"Nord";"48.70874033583898";"9.304631038105157";"ja";"ja";"ja";"ja";"Feuerwehr";"Kommunaler Bereitschaftsdienst";"2026-03-30";"mittel";"Regelbetrieb nach kommunalem Notfallplan"
"NK-0171";"Notfall-Anlaufstelle Sued 171";"Notfall-Anlaufstelle";"Buergerhaus";"aktiv";"347";"59";"83";"Musterstrasse 51";"73728";"Esslingen am Neckar";"Sued";"48.70651405943232";"9.325118418257357";"nein";"ja";"ja";"ja";"DRK";"Kommunaler Bereitschaftsdienst";"2025-07-06";"niedrig";"Regelbetrieb nach kommunalem Notfallplan"
"NK-0172";"Notfall-Anlaufstelle Weststadt 172";"Notfall-Anlaufstelle";"Buergerhaus";"aktiv";"58";"23";"60";"Musterstrasse 52";"73728";"Esslingen am Neckar";"Weststadt";"48.724567169187516";"9.334816730714264";"ja";"ja";"ja";"ja";"Technisches Hilfswerk";"Amt fuer Bevoelkerungsschutz";"2026-03-07";"mittel";"Zugang ueber Nordseite, Schluessel im Stabsraum hinterlegt"
"NK-0173";"Notfall-Anlaufstelle Oberdorf 173";"Notfall-Anlaufstelle";"Buergerhaus";"aktiv";"116";"50";"57";"Musterstrasse 53";"73728";"Esslingen am Neckar";"Oberdorf";"48.742069749443914";"9.350003209398032";"ja";"nein";"ja";"ja";"Gebaeudemanagement";"Kommunaler Bereitschaftsdienst";"2025-09-17";"mittel";"Regelbetrieb nach kommunalem Notfallplan"
"NK-0174";"Notfall-Anlaufstelle Pliensauvorstadt 174";"Notfall-Anlaufstelle";"Buergerhaus";"aktiv";"319";"172";"46";"Musterstrasse 54";"73728";"Esslingen am Neckar";"Pliensauvorstadt";"48.76213086518645";"9.33926577110208";"ja";"ja";"ja";"ja";"Ordnungsamt";"Kommunaler Bereitschaftsdienst";"2025-06-09";"mittel";"Regelbetrieb nach kommunalem Notfallplan"
"NK-0175";"Notfall-Anlaufstelle Zell 175";"Notfall-Anlaufstelle";"Buergerhaus";"aktiv";"192";"71";"63";"Musterstrasse 55";"73728";"Esslingen am Neckar";"Zell";"48.76662081853911";"9.31868834818249";"ja";"ja";"ja";"ja";"Stadtverwaltung";"Amt fuer Bevoelkerungsschutz";"2026-05-11";"mittel";"Regelbetrieb nach kommunalem Notfallplan"
"NK-0176";"Notfall-Anlaufstelle Obertal 176";"Notfall-Anlaufstelle";"Buergerhaus";"eingeschraenkt";"324";"121";"63";"Musterstrasse 56";"73728";"Esslingen am Neckar";"Obertal";"48.773153960573715";"9.30439555348808";"nein";"ja";"ja";"ja";"Feuerwehr";"Kommunaler Bereitschaftsdienst";"2025-06-23";"hoch";"Regelbetrieb nach kommunalem Notfallplan"
"NK-0177";"Notfall-Anlaufstelle Sulzgries 177";"Notfall-Anlaufstelle";"Buergerhaus";"eingeschraenkt";"43";"10";"77";"Musterstrasse 57";"73728";"Esslingen am Neckar";"Sulzgries";"48.78657023426208";"9.278362441318937";"ja";"nein";"ja";"ja";"DRK";"Kommunaler Bereitschaftsdienst";"2026-01-13";"mittel";"Regelbetrieb nach kommunalem Notfallplan"
"NK-0178";"Notfall-Anlaufstelle Berkheim 178";"Notfall-Anlaufstelle";"Buergerhaus";"eingeschraenkt";"221";"187";"15";"Musterstrasse 58";"73728";"Esslingen am Neckar";"Berkheim";"48.75785980925906";"9.276411974432458";"ja";"ja";"ja";"ja";"Technisches Hilfswerk";"Amt fuer Bevoelkerungsschutz";"2025-05-25";"mittel";"Regelbetrieb nach kommunalem Notfallplan"
"NK-0179";"Notfall-Anlaufstelle Waldacker 179";"Notfall-Anlaufstelle";"Buergerhaus";"ausser Betrieb";"230";"0";"100";"Musterstrasse 59";"73728";"Esslingen am Neckar";"Waldacker";"48.741464224783876";"9.257964650701133";"ja";"ja";"ja";"ja";"Gebaeudemanagement";"Kommunaler Bereitschaftsdienst";"2026-04-05";"mittel";"Regelbetrieb nach kommunalem Notfallplan"
"NK-0180";"Notfall-Anlaufstelle Auenfeld 180";"Notfall-Anlaufstelle";"Buergerhaus";"ausser Betrieb";"243";"0";"100";"Musterstrasse 60";"73728";"Esslingen am Neckar";"Auenfeld";"48.716181353479584";"9.261092910995439";"ja";"ja";"ja";"ja";"Ordnungsamt";"Kommunaler Bereitschaftsdienst";"2025-08-26";"mittel";"Regelbetrieb nach kommunalem Notfallplan"
"NK-0181";"Notfall-Anlaufstelle Mitte 181";"Notfall-Anlaufstelle";"Buergerhaus";"aktiv";"128";"76";"41";"Musterstrasse 61";"73728";"Esslingen am Neckar";"Mitte";"48.7419";"9.31965449705571";"nein";"nein";"ja";"ja";"Stadtverwaltung";"Amt fuer Bevoelkerungsschutz";"2025-08-19";"niedrig";"Zugang ueber Nordseite, Schluessel im Stabsraum hinterlegt"
"NK-0182";"Notfall-Anlaufstelle Nord 182";"Notfall-Anlaufstelle";"Buergerhaus";"aktiv";"93";"22";"76";"Musterstrasse 62";"73728";"Esslingen am Neckar";"Nord";"48.75486639141932";"9.327010072916016";"ja";"ja";"ja";"ja";"Feuerwehr";"Kommunaler Bereitschaftsdienst";"2025-09-12";"mittel";"Regelbetrieb nach kommunalem Notfallplan"
"NK-0183";"Notfall-Anlaufstelle Sued 183";"Notfall-Anlaufstelle";"Buergerhaus";"aktiv";"100";"41";"59";"Musterstrasse 63";"73728";"Esslingen am Neckar";"Sued";"48.75450420904788";"9.311845676861195";"ja";"ja";"ja";"ja";"DRK";"Kommunaler Bereitschaftsdienst";"2025-08-03";"hoch";"Regelbetrieb nach kommunalem Notfallplan"
"NK-0184";"Notfall-Anlaufstelle Weststadt 184";"Notfall-Anlaufstelle";"Buergerhaus";"aktiv";"291";"196";"33";"Musterstrasse 64";"73728";"Esslingen am Neckar";"Weststadt";"48.76029783905117";"9.30454843673445";"ja";"ja";"ja";"ja";"Technisches Hilfswerk";"Amt fuer Bevoelkerungsschutz";"2025-05-21";"mittel";"Regelbetrieb nach kommunalem Notfallplan"
"NK-0185";"Notfall-Anlaufstelle Oberdorf 185";"Notfall-Anlaufstelle";"Buergerhaus";"aktiv";"199";"113";"43";"Musterstrasse 65";"73728";"Esslingen am Neckar";"Oberdorf";"48.77327372538238";"9.286329711951229";"ja";"nein";"ja";"ja";"Gebaeudemanagement";"Kommunaler Bereitschaftsdienst";"2025-12-22";"mittel";"Regelbetrieb nach kommunalem Notfallplan"
"NK-0186";"Notfall-Anlaufstelle Pliensauvorstadt 186";"Notfall-Anlaufstelle";"Buergerhaus";"aktiv";"341";"135";"60";"Musterstrasse 66";"73728";"Esslingen am Neckar";"Pliensauvorstadt";"48.75330160482068";"9.284637068810223";"nein";"ja";"ja";"ja";"Ordnungsamt";"Kommunaler Bereitschaftsdienst";"2025-04-27";"niedrig";"Regelbetrieb nach kommunalem Notfallplan"
"NK-0187";"Notfall-Anlaufstelle Zell 187";"Notfall-Anlaufstelle";"Buergerhaus";"aktiv";"334";"57";"83";"Musterstrasse 67";"73728";"Esslingen am Neckar";"Zell";"48.741650265848556";"9.260047617752475";"ja";"ja";"ja";"ja";"Stadtverwaltung";"Amt fuer Bevoelkerungsschutz";"2025-11-07";"mittel";"Regelbetrieb nach kommunalem Notfallplan"
"NK-0188";"Notfall-Anlaufstelle Obertal 188";"Notfall-Anlaufstelle";"Buergerhaus";"aktiv";"177";"83";"53";"Musterstrasse 68";"73728";"Esslingen am Neckar";"Obertal";"48.72597412379419";"9.277427506792348";"ja";"ja";"ja";"ja";"Feuerwehr";"Kommunaler Bereitschaftsdienst";"2025-05-13";"mittel";"Regelbetrieb nach kommunalem Notfallplan"
"NK-0189";"Notfall-Anlaufstelle Sulzgries 189";"Notfall-Anlaufstelle";"Buergerhaus";"aktiv";"249";"147";"41";"Musterstrasse 69";"73728";"Esslingen am Neckar";"Sulzgries";"48.70210104061711";"9.282016962466288";"ja";"nein";"ja";"ja";"DRK";"Kommunaler Bereitschaftsdienst";"2025-10-19";"mittel";"Regelbetrieb nach kommunalem Notfallplan"
"NK-0190";"Notfall-Anlaufstelle Berkheim 190";"Notfall-Anlaufstelle";"Buergerhaus";"aktiv";"143";"39";"73";"Musterstrasse 70";"73728";"Esslingen am Neckar";"Berkheim";"48.707590042572605";"9.304888485593226";"ja";"ja";"ja";"ja";"Technisches Hilfswerk";"Amt fuer Bevoelkerungsschutz";"2025-11-28";"hoch";"Zugang ueber Nordseite, Schluessel im Stabsraum hinterlegt"
"NK-0191";"Notfall-Anlaufstelle Waldacker 191";"Notfall-Anlaufstelle";"Buergerhaus";"aktiv";"332";"282";"15";"Musterstrasse 71";"73728";"Esslingen am Neckar";"Waldacker";"48.71282973029039";"9.321747811144279";"nein";"ja";"ja";"ja";"Gebaeudemanagement";"Kommunaler Bereitschaftsdienst";"2025-11-10";"niedrig";"Regelbetrieb nach kommunalem Notfallplan"
"NK-0192";"Notfall-Anlaufstelle Auenfeld 192";"Notfall-Anlaufstelle";"Buergerhaus";"ausser Betrieb";"247";"0";"100";"Musterstrasse 72";"73728";"Esslingen am Neckar";"Auenfeld";"48.71547652393601";"9.351472686069933";"ja";"ja";"ja";"ja";"Ordnungsamt";"Kommunaler Bereitschaftsdienst";"2025-12-05";"mittel";"Regelbetrieb nach kommunalem Notfallplan"
"NK-0193";"Notfall-Anlaufstelle Mitte 193";"Notfall-Anlaufstelle";"Buergerhaus";"aktiv";"163";"51";"69";"Musterstrasse 73";"73728";"Esslingen am Neckar";"Mitte";"48.7757318630265";"9.285067124284163";"ja";"nein";"ja";"ja";"Stadtverwaltung";"Amt fuer Bevoelkerungsschutz";"2026-04-19";"mittel";"Regelbetrieb nach kommunalem Notfallplan"
"NK-0194";"Notfall-Anlaufstelle Nord 194";"Notfall-Anlaufstelle";"Buergerhaus";"aktiv";"94";"73";"22";"Musterstrasse 74";"73728";"Esslingen am Neckar";"Nord";"48.764135728711";"9.266003280696498";"ja";"ja";"ja";"ja";"Feuerwehr";"Kommunaler Bereitschaftsdienst";"2025-06-25";"mittel";"Regelbetrieb nach kommunalem Notfallplan"
"NK-0195";"Notfall-Anlaufstelle Sued 195";"Notfall-Anlaufstelle";"Buergerhaus";"aktiv";"310";"208";"33";"Musterstrasse 75";"73728";"Esslingen am Neckar";"Sued";"48.74185981253162";"9.28310188635519";"ja";"ja";"ja";"ja";"DRK";"Kommunaler Bereitschaftsdienst";"2026-05-15";"mittel";"Regelbetrieb nach kommunalem Notfallplan"
"NK-0196";"Notfall-Anlaufstelle Weststadt 196";"Notfall-Anlaufstelle";"Buergerhaus";"eingeschraenkt";"207";"63";"70";"Musterstrasse 76";"73728";"Esslingen am Neckar";"Weststadt";"48.72812803061897";"9.280899946139385";"nein";"ja";"ja";"ja";"Technisches Hilfswerk";"Amt fuer Bevoelkerungsschutz";"2026-02-14";"niedrig";"Regelbetrieb nach kommunalem Notfallplan"
"NK-0197";"Notfall-Anlaufstelle Oberdorf 197";"Notfall-Anlaufstelle";"Buergerhaus";"eingeschraenkt";"333";"257";"23";"Musterstrasse 77";"73728";"Esslingen am Neckar";"Oberdorf";"48.70418363426204";"9.283012010263576";"ja";"nein";"ja";"ja";"Gebaeudemanagement";"Kommunaler Bereitschaftsdienst";"2025-08-06";"hoch";"Regelbetrieb nach kommunalem Notfallplan"
"NK-0198";"Notfall-Anlaufstelle Pliensauvorstadt 198";"Notfall-Anlaufstelle";"Buergerhaus";"eingeschraenkt";"130";"97";"25";"Musterstrasse 78";"73728";"Esslingen am Neckar";"Pliensauvorstadt";"48.69286732274828";"9.304829083296706";"ja";"ja";"ja";"ja";"Ordnungsamt";"Kommunaler Bereitschaftsdienst";"2026-04-01";"mittel";"Regelbetrieb nach kommunalem Notfallplan"
"NK-0199";"Notfall-Anlaufstelle Zell 199";"Notfall-Anlaufstelle";"Buergerhaus";"ausser Betrieb";"164";"0";"100";"Musterstrasse 79";"73728";"Esslingen am Neckar";"Zell";"48.704575502709";"9.326429217811238";"ja";"ja";"ja";"ja";"Stadtverwaltung";"Amt fuer Bevoelkerungsschutz";"2025-11-12";"mittel";"Zugang ueber Nordseite, Schluessel im Stabsraum hinterlegt"
"NK-0200";"Notfall-Anlaufstelle Obertal 200";"Notfall-Anlaufstelle";"Buergerhaus";"geplant";"252";"173";"31";"Musterstrasse 80";"73728";"Esslingen am Neckar";"Obertal";"48.72362236458326";"9.33674145641149";"ja";"ja";"ja";"ja";"Feuerwehr";"Kommunaler Bereitschaftsdienst";"2025-09-12";"mittel";"Regelbetrieb nach kommunalem Notfallplan"
"NK-0201";"AED-Standort Sulzgries 201";"AED-Standort";"Defibrillator";"aktiv";"0";"0";"0";"Musterstrasse 81";"73728";"Esslingen am Neckar";"Sulzgries";"48.74217674845461";"9.341624036594537";"nein";"nein";"ja";"ja";"DRK";"Kommunaler Bereitschaftsdienst";"2025-12-27";"niedrig";"Regelbetrieb nach kommunalem Notfallplan"
"NK-0202";"AED-Standort Berkheim 202";"AED-Standort";"Defibrillator";"aktiv";"0";"0";"0";"Musterstrasse 82";"73728";"Esslingen am Neckar";"Berkheim";"48.758875908588685";"9.333440324048377";"ja";"ja";"nein";"nein";"Technisches Hilfswerk";"Amt fuer Bevoelkerungsschutz";"2025-03-28";"mittel";"Regelbetrieb nach kommunalem Notfallplan"
"NK-0203";"AED-Standort Waldacker 203";"AED-Standort";"Defibrillator";"aktiv";"0";"0";"0";"Musterstrasse 83";"73728";"Esslingen am Neckar";"Waldacker";"48.76926923079108";"9.320062499472291";"ja";"nein";"nein";"nein";"Gebaeudemanagement";"Kommunaler Bereitschaftsdienst";"2025-04-19";"mittel";"Regelbetrieb nach kommunalem Notfallplan"
"NK-0204";"AED-Standort Auenfeld 204";"AED-Standort";"Defibrillator";"ausser Betrieb";"0";"0";"0";"Musterstrasse 84";"73728";"Esslingen am Neckar";"Auenfeld";"48.79470765745313";"9.304057257266338";"ja";"nein";"nein";"nein";"Ordnungsamt";"Kommunaler Bereitschaftsdienst";"2025-05-03";"hoch";"Regelbetrieb nach kommunalem Notfallplan"
"NK-0205";"AED-Standort Mitte 205";"AED-Standort";"Defibrillator";"aktiv";"0";"0";"0";"Musterstrasse 85";"73728";"Esslingen am Neckar";"Mitte";"48.71464877166693";"9.28886656121512";"ja";"ja";"ja";"nein";"Stadtverwaltung";"Amt fuer Bevoelkerungsschutz";"2025-11-16";"mittel";"Regelbetrieb nach kommunalem Notfallplan"
"NK-0206";"AED-Standort Nord 206";"AED-Standort";"Defibrillator";"aktiv";"0";"0";"0";"Musterstrasse 86";"73728";"Esslingen am Neckar";"Nord";"48.72279880803585";"9.304617879095577";"nein";"nein";"nein";"ja";"Feuerwehr";"Kommunaler Bereitschaftsdienst";"2025-12-27";"niedrig";"Regelbetrieb nach kommunalem Notfallplan"
"NK-0207";"AED-Standort Sued 207";"AED-Standort";"Defibrillator";"aktiv";"0";"0";"0";"Musterstrasse 87";"73728";"Esslingen am Neckar";"Sued";"48.71447761239412";"9.320500778938932";"ja";"nein";"nein";"nein";"DRK";"Kommunaler Bereitschaftsdienst";"2025-11-02";"mittel";"Regelbetrieb nach kommunalem Notfallplan"
"NK-0208";"AED-Standort Weststadt 208";"AED-Standort";"Defibrillator";"aktiv";"0";"0";"0";"Musterstrasse 88";"73728";"Esslingen am Neckar";"Weststadt";"48.73169409882117";"9.32239218703242";"ja";"ja";"nein";"nein";"Technisches Hilfswerk";"Amt fuer Bevoelkerungsschutz";"2025-12-16";"mittel";"Zugang ueber Nordseite, Schluessel im Stabsraum hinterlegt"
"NK-0209";"AED-Standort Oberdorf 209";"AED-Standort";"Defibrillator";"aktiv";"0";"0";"0";"Musterstrasse 89";"73728";"Esslingen am Neckar";"Oberdorf";"48.74202126414608";"9.337034753777532";"ja";"nein";"ja";"nein";"Gebaeudemanagement";"Kommunaler Bereitschaftsdienst";"2025-07-24";"mittel";"Regelbetrieb nach kommunalem Notfallplan"
"NK-0210";"AED-Standort Pliensauvorstadt 210";"AED-Standort";"Defibrillator";"aktiv";"0";"0";"0";"Musterstrasse 90";"73728";"Esslingen am Neckar";"Pliensauvorstadt";"48.75871871356718";"9.333419018335496";"ja";"nein";"nein";"nein";"Ordnungsamt";"Kommunaler Bereitschaftsdienst";"2025-07-15";"mittel";"Regelbetrieb nach kommunalem Notfallplan"
"NK-0211";"AED-Standort Zell 211";"AED-Standort";"Defibrillator";"aktiv";"0";"0";"0";"Musterstrasse 91";"73728";"Esslingen am Neckar";"Zell";"48.78434502566192";"9.328789340623723";"nein";"ja";"nein";"ja";"Stadtverwaltung";"Amt fuer Bevoelkerungsschutz";"2025-04-08";"hoch";"Regelbetrieb nach kommunalem Notfallplan"
"NK-0212";"AED-Standort Obertal 212";"AED-Standort";"Defibrillator";"aktiv";"0";"0";"0";"Musterstrasse 92";"73728";"Esslingen am Neckar";"Obertal";"48.787399784729196";"9.304302365008779";"ja";"nein";"nein";"nein";"Feuerwehr";"Kommunaler Bereitschaftsdienst";"2026-05-17";"mittel";"Regelbetrieb nach kommunalem Notfallplan"
"NK-0213";"AED-Standort Sulzgries 213";"AED-Standort";"Defibrillator";"aktiv";"0";"0";"0";"Musterstrasse 93";"73728";"Esslingen am Neckar";"Sulzgries";"48.76146415685596";"9.293108774981073";"ja";"nein";"ja";"nein";"DRK";"Kommunaler Bereitschaftsdienst";"2025-11-01";"mittel";"Regelbetrieb nach kommunalem Notfallplan"
"NK-0214";"AED-Standort Berkheim 214";"AED-Standort";"Defibrillator";"aktiv";"0";"0";"0";"Musterstrasse 94";"73728";"Esslingen am Neckar";"Berkheim";"48.75538980122017";"9.280774473295834";"ja";"ja";"nein";"nein";"Technisches Hilfswerk";"Amt fuer Bevoelkerungsschutz";"2025-05-13";"mittel";"Regelbetrieb nach kommunalem Notfallplan"
"NK-0215";"AED-Standort Waldacker 215";"AED-Standort";"Defibrillator";"aktiv";"0";"0";"0";"Musterstrasse 95";"73728";"Esslingen am Neckar";"Waldacker";"48.741457651294375";"9.257261175680709";"ja";"nein";"nein";"nein";"Gebaeudemanagement";"Kommunaler Bereitschaftsdienst";"2026-03-22";"mittel";"Regelbetrieb nach kommunalem Notfallplan"
"NK-0216";"AED-Standort Auenfeld 216";"AED-Standort";"Defibrillator";"ausser Betrieb";"0";"0";"0";"Musterstrasse 96";"73728";"Esslingen am Neckar";"Auenfeld";"48.71445912820903";"9.258179499200132";"nein";"nein";"nein";"ja";"Ordnungsamt";"Kommunaler Bereitschaftsdienst";"2025-10-18";"niedrig";"Regelbetrieb nach kommunalem Notfallplan"
"NK-0217";"AED-Standort Mitte 217";"AED-Standort";"Defibrillator";"eingeschraenkt";"0";"0";"0";"Musterstrasse 97";"73728";"Esslingen am Neckar";"Mitte";"48.7419";"9.330717114447058";"ja";"ja";"ja";"nein";"Stadtverwaltung";"Amt fuer Bevoelkerungsschutz";"2025-09-11";"mittel";"Zugang ueber Nordseite, Schluessel im Stabsraum hinterlegt"
"NK-0218";"AED-Standort Nord 218";"AED-Standort";"Defibrillator";"eingeschraenkt";"0";"0";"0";"Musterstrasse 98";"73728";"Esslingen am Neckar";"Nord";"48.76028242447529";"9.336370710874174";"ja";"nein";"nein";"nein";"Feuerwehr";"Kommunaler Bereitschaftsdienst";"2025-06-18";"hoch";"Regelbetrieb nach kommunalem Notfallplan"
"NK-0219";"AED-Standort Sued 219";"AED-Standort";"Defibrillator";"ausser Betrieb";"0";"0";"0";"Musterstrasse 99";"73728";"Esslingen am Neckar";"Sued";"48.7614143258337";"9.315818038245627";"ja";"nein";"nein";"nein";"DRK";"Kommunaler Bereitschaftsdienst";"2025-12-17";"mittel";"Regelbetrieb nach kommunalem Notfallplan"
"NK-0220";"AED-Standort Weststadt 220";"AED-Standort";"Defibrillator";"geplant";"0";"0";"0";"Musterstrasse 100";"73728";"Esslingen am Neckar";"Weststadt";"48.767315770233594";"9.30452876771527";"ja";"ja";"nein";"nein";"Technisches Hilfswerk";"Amt fuer Bevoelkerungsschutz";"2026-02-19";"mittel";"Regelbetrieb nach kommunalem Notfallplan"
"NK-0221";"AED-Standort Oberdorf 221";"AED-Standort";"Defibrillator";"aktiv";"0";"0";"0";"Musterstrasse 101";"73728";"Esslingen am Neckar";"Oberdorf";"48.765227786141665";"9.291015213139216";"nein";"nein";"ja";"ja";"Gebaeudemanagement";"Kommunaler Bereitschaftsdienst";"2025-10-11";"niedrig";"Regelbetrieb nach kommunalem Notfallplan"
"NK-0222";"AED-Standort Pliensauvorstadt 222";"AED-Standort";"Defibrillator";"aktiv";"0";"0";"0";"Musterstrasse 102";"73728";"Esslingen am Neckar";"Pliensauvorstadt";"48.76527551292274";"9.263672098766646";"ja";"nein";"nein";"nein";"Ordnungsamt";"Kommunaler Bereitschaftsdienst";"2025-11-14";"mittel";"Regelbetrieb nach kommunalem Notfallplan"
"NK-0223";"AED-Standort Zell 223";"AED-Standort";"Defibrillator";"aktiv";"0";"0";"0";"Musterstrasse 103";"73728";"Esslingen am Neckar";"Zell";"48.74167086638544";"9.263722737828328";"ja";"ja";"nein";"nein";"Stadtverwaltung";"Amt fuer Bevoelkerungsschutz";"2025-09-14";"mittel";"Regelbetrieb nach kommunalem Notfallplan"
"NK-0224";"AED-Standort Obertal 224";"AED-Standort";"Defibrillator";"aktiv";"0";"0";"0";"Musterstrasse 104";"73728";"Esslingen am Neckar";"Obertal";"48.71567881237147";"9.259861799506341";"ja";"nein";"nein";"nein";"Feuerwehr";"Kommunaler Bereitschaftsdienst";"2025-04-28";"mittel";"Regelbetrieb nach kommunalem Notfallplan"
"NK-0225";"AED-Standort Sulzgries 225";"AED-Standort";"Defibrillator";"aktiv";"0";"0";"0";"Musterstrasse 105";"73728";"Esslingen am Neckar";"Sulzgries";"48.69871607046073";"9.280096236163963";"ja";"nein";"ja";"nein";"DRK";"Kommunaler Bereitschaftsdienst";"2025-09-10";"hoch";"Regelbetrieb nach kommunalem Notfallplan"
"NK-0226";"AED-Standort Berkheim 226";"AED-Standort";"Defibrillator";"aktiv";"0";"0";"0";"Musterstrasse 106";"73728";"Esslingen am Neckar";"Berkheim";"48.70507276036202";"9.304909651450204";"nein";"ja";"nein";"ja";"Technisches Hilfswerk";"Amt fuer Bevoelkerungsschutz";"2026-02-28";"niedrig";"Zugang ueber Nordseite, Schluessel im Stabsraum hinterlegt"
"NK-0227";"AED-Standort Waldacker 227";"AED-Standort";"Defibrillator";"aktiv";"0";"0";"0";"Musterstrasse 107";"73728";"Esslingen am Neckar";"Waldacker";"48.72053873453517";"9.3172004660312";"ja";"nein";"nein";"nein";"Gebaeudemanagement";"Kommunaler Bereitschaftsdienst";"2025-10-01";"mittel";"Regelbetrieb nach kommunalem Notfallplan"
"NK-0228";"AED-Standort Auenfeld 228";"AED-Standort";"Defibrillator";"ausser Betrieb";"0";"0";"0";"Musterstrasse 108";"73728";"Esslingen am Neckar";"Auenfeld";"48.7278855800311";"9.32946022301017";"ja";"nein";"nein";"nein";"Ordnungsamt";"Kommunaler Bereitschaftsdienst";"2025-10-23";"mittel";"Regelbetrieb nach kommunalem Notfallplan"
"NK-0229";"AED-Standort Mitte 229";"AED-Standort";"Defibrillator";"aktiv";"0";"0";"0";"Musterstrasse 109";"73728";"Esslingen am Neckar";"Mitte";"48.75725460354347";"9.29573499713434";"ja";"ja";"ja";"nein";"Stadtverwaltung";"Amt fuer Bevoelkerungsschutz";"2025-08-03";"mittel";"Regelbetrieb nach kommunalem Notfallplan"
"NK-0230";"AED-Standort Nord 230";"AED-Standort";"Defibrillator";"aktiv";"0";"0";"0";"Musterstrasse 110";"73728";"Esslingen am Neckar";"Nord";"48.760920140344545";"9.27158489050963";"ja";"nein";"nein";"nein";"Feuerwehr";"Kommunaler Bereitschaftsdienst";"2026-04-03";"mittel";"Regelbetrieb nach kommunalem Notfallplan"
"NK-0231";"AED-Standort Sued 231";"AED-Standort";"Defibrillator";"aktiv";"0";"0";"0";"Musterstrasse 111";"73728";"Esslingen am Neckar";"Sued";"48.7418612557945";"9.28387395363339";"nein";"nein";"nein";"ja";"DRK";"Kommunaler Bereitschaftsdienst";"2026-01-02";"niedrig";"Regelbetrieb nach kommunalem Notfallplan"
"NK-0232";"AED-Standort Weststadt 232";"AED-Standort";"Defibrillator";"aktiv";"0";"0";"0";"Musterstrasse 112";"73728";"Esslingen am Neckar";"Weststadt";"48.72334582371908";"9.272670290818189";"ja";"ja";"nein";"nein";"Technisches Hilfswerk";"Amt fuer Bevoelkerungsschutz";"2026-01-05";"hoch";"Regelbetrieb nach kommunalem Notfallplan"
"NK-0233";"AED-Standort Oberdorf 233";"AED-Standort";"Defibrillator";"aktiv";"0";"0";"0";"Musterstrasse 113";"73728";"Esslingen am Neckar";"Oberdorf";"48.71460490696522";"9.288976909684685";"ja";"nein";"ja";"nein";"Gebaeudemanagement";"Kommunaler Bereitschaftsdienst";"2026-03-20";"mittel";"Regelbetrieb nach kommunalem Notfallplan"
"NK-0234";"AED-Standort Pliensauvorstadt 234";"AED-Standort";"Defibrillator";"aktiv";"0";"0";"0";"Musterstrasse 114";"73728";"Esslingen am Neckar";"Pliensauvorstadt";"48.71673238319891";"9.304717584454902";"ja";"nein";"nein";"nein";"Ordnungsamt";"Kommunaler Bereitschaftsdienst";"2026-04-29";"mittel";"Regelbetrieb nach kommunalem Notfallplan"
"NK-0235";"AED-Standort Zell 235";"AED-Standort";"Defibrillator";"aktiv";"0";"0";"0";"Musterstrasse 115";"73728";"Esslingen am Neckar";"Zell";"48.72337475814526";"9.315434480537009";"ja";"ja";"nein";"nein";"Stadtverwaltung";"Amt fuer Bevoelkerungsschutz";"2026-02-27";"mittel";"Zugang ueber Nordseite, Schluessel im Stabsraum hinterlegt"
"NK-0236";"AED-Standort Obertal 236";"AED-Standort";"Defibrillator";"eingeschraenkt";"0";"0";"0";"Musterstrasse 116";"73728";"Esslingen am Neckar";"Obertal";"48.72141920892543";"9.340615733905755";"nein";"nein";"nein";"ja";"Feuerwehr";"Kommunaler Bereitschaftsdienst";"2025-10-10";"niedrig";"Regelbetrieb nach kommunalem Notfallplan"
"NK-0237";"AED-Standort Sulzgries 237";"AED-Standort";"Defibrillator";"eingeschraenkt";"0";"0";"0";"Musterstrasse 117";"73728";"Esslingen am Neckar";"Sulzgries";"48.74217858800222";"9.341870135450012";"ja";"nein";"ja";"nein";"DRK";"Kommunaler Bereitschaftsdienst";"2026-04-29";"mittel";"Regelbetrieb nach kommunalem Notfallplan"
"NK-0238";"AED-Standort Berkheim 238";"AED-Standort";"Defibrillator";"eingeschraenkt";"0";"0";"0";"Musterstrasse 118";"73728";"Esslingen am Neckar";"Berkheim";"48.763361539629976";"9.34106095019138";"ja";"ja";"nein";"nein";"Technisches Hilfswerk";"Amt fuer Bevoelkerungsschutz";"2025-10-09";"mittel";"Regelbetrieb nach kommunalem Notfallplan"
"NK-0239";"AED-Standort Waldacker 239";"AED-Standort";"Defibrillator";"ausser Betrieb";"0";"0";"0";"Musterstrasse 119";"73728";"Esslingen am Neckar";"Waldacker";"48.78093407599644";"9.326652661403005";"ja";"nein";"nein";"nein";"Gebaeudemanagement";"Kommunaler Bereitschaftsdienst";"2025-06-24";"hoch";"Regelbetrieb nach kommunalem Notfallplan"
"NK-0240";"AED-Standort Auenfeld 240";"AED-Standort";"Defibrillator";"ausser Betrieb";"0";"0";"0";"Musterstrasse 120";"73728";"Esslingen am Neckar";"Auenfeld";"48.792445497476976";"9.30408050713101";"ja";"nein";"nein";"nein";"Ordnungsamt";"Kommunaler Bereitschaftsdienst";"2026-04-28";"mittel";"Regelbetrieb nach kommunalem Notfallplan"
"NK-0241";"AED-Standort Mitte 241";"AED-Standort";"Defibrillator";"aktiv";"0";"0";"0";"Musterstrasse 1";"73728";"Esslingen am Neckar";"Mitte";"48.73050753592104";"9.29802258506646";"nein";"ja";"ja";"ja";"Stadtverwaltung";"Amt fuer Bevoelkerungsschutz";"2025-06-21";"niedrig";"Regelbetrieb nach kommunalem Notfallplan"
"NK-0242";"AED-Standort Nord 242";"AED-Standort";"Defibrillator";"aktiv";"0";"0";"0";"Musterstrasse 2";"73728";"Esslingen am Neckar";"Nord";"48.710264285688574";"9.304629611657788";"ja";"nein";"nein";"nein";"Feuerwehr";"Kommunaler Bereitschaftsdienst";"2025-11-04";"mittel";"Regelbetrieb nach kommunalem Notfallplan"
"NK-0243";"AED-Standort Sued 243";"AED-Standort";"Defibrillator";"aktiv";"0";"0";"0";"Musterstrasse 3";"73728";"Esslingen am Neckar";"Sued";"48.72117893545607";"9.316615039369577";"ja";"nein";"nein";"nein";"DRK";"Kommunaler Bereitschaftsdienst";"2025-09-24";"mittel";"Regelbetrieb nach kommunalem Notfallplan"
"NK-0244";"AED-Standort Weststadt 244";"AED-Standort";"Defibrillator";"aktiv";"0";"0";"0";"Musterstrasse 4";"73728";"Esslingen am Neckar";"Weststadt";"48.721180492251285";"9.340720804094163";"ja";"ja";"nein";"nein";"Technisches Hilfswerk";"Amt fuer Bevoelkerungsschutz";"2025-10-16";"mittel";"Zugang ueber Nordseite, Schluessel im Stabsraum hinterlegt"
"NK-0245";"AED-Standort Oberdorf 245";"AED-Standort";"Defibrillator";"aktiv";"0";"0";"0";"Musterstrasse 5";"73728";"Esslingen am Neckar";"Oberdorf";"48.742004036114174";"9.332426739033819";"ja";"nein";"ja";"nein";"Gebaeudemanagement";"Kommunaler Bereitschaftsdienst";"2025-04-09";"mittel";"Regelbetrieb nach kommunalem Notfallplan"
"NK-0246";"AED-Standort Pliensauvorstadt 246";"AED-Standort";"Defibrillator";"aktiv";"0";"0";"0";"Musterstrasse 6";"73728";"Esslingen am Neckar";"Pliensauvorstadt";"48.75745209530947";"9.331248656455722";"nein";"nein";"nein";"ja";"Ordnungsamt";"Kommunaler Bereitschaftsdienst";"2025-08-01";"hoch";"Regelbetrieb nach kommunalem Notfallplan"
"NK-0247";"AED-Standort Zell 247";"AED-Standort";"Defibrillator";"aktiv";"0";"0";"0";"Musterstrasse 7";"73728";"Esslingen am Neckar";"Zell";"48.75882160086419";"9.314243588637757";"ja";"ja";"nein";"nein";"Stadtverwaltung";"Amt fuer Bevoelkerungsschutz";"2025-08-26";"mittel";"Regelbetrieb nach kommunalem Notfallplan"
"NK-0248";"AED-Standort Obertal 248";"AED-Standort";"Defibrillator";"aktiv";"0";"0";"0";"Musterstrasse 8";"73728";"Esslingen am Neckar";"Obertal";"48.77359807049556";"9.30439264836109";"ja";"nein";"nein";"nein";"Feuerwehr";"Kommunaler Bereitschaftsdienst";"2025-05-12";"mittel";"Regelbetrieb nach kommunalem Notfallplan"
"NK-0249";"AED-Standort Sulzgries 249";"AED-Standort";"Defibrillator";"aktiv";"0";"0";"0";"Musterstrasse 9";"73728";"Esslingen am Neckar";"Sulzgries";"48.780219125685356";"9.282092835545075";"ja";"nein";"ja";"nein";"DRK";"Kommunaler Bereitschaftsdienst";"2025-10-04";"mittel";"Regelbetrieb nach kommunalem Notfallplan"
"NK-0250";"AED-Standort Berkheim 250";"AED-Standort";"Defibrillator";"aktiv";"0";"0";"0";"Musterstrasse 10";"73728";"Esslingen am Neckar";"Berkheim";"48.75935412294835";"9.27377273534156";"ja";"ja";"nein";"nein";"Technisches Hilfswerk";"Amt fuer Bevoelkerungsschutz";"2026-01-16";"mittel";"Regelbetrieb nach kommunalem Notfallplan"
"NK-0251";"AED-Standort Waldacker 251";"AED-Standort";"Defibrillator";"aktiv";"0";"0";"0";"Musterstrasse 11";"73728";"Esslingen am Neckar";"Waldacker";"48.741448971481404";"9.25633228827525";"nein";"nein";"nein";"ja";"Gebaeudemanagement";"Kommunaler Bereitschaftsdienst";"2025-06-09";"niedrig";"Regelbetrieb nach kommunalem Notfallplan"
"NK-0252";"AED-Standort Auenfeld 252";"AED-Standort";"Defibrillator";"ausser Betrieb";"0";"0";"0";"Musterstrasse 12";"73728";"Esslingen am Neckar";"Auenfeld";"48.72332940299142";"9.273184948034531";"ja";"nein";"nein";"nein";"Ordnungsamt";"Kommunaler Bereitschaftsdienst";"2025-03-25";"mittel";"Regelbetrieb nach kommunalem Notfallplan"
"NK-0253";"AED-Standort Mitte 253";"AED-Standort";"Defibrillator";"aktiv";"0";"0";"0";"Musterstrasse 13";"73728";"Esslingen am Neckar";"Mitte";"48.7419";"9.32043679958433";"ja";"ja";"ja";"nein";"Stadtverwaltung";"Amt fuer Bevoelkerungsschutz";"2025-12-02";"hoch";"Zugang ueber Nordseite, Schluessel im Stabsraum hinterlegt"
"NK-0254";"AED-Standort Nord 254";"AED-Standort";"Defibrillator";"aktiv";"0";"0";"0";"Musterstrasse 14";"73728";"Esslingen am Neckar";"Nord";"48.76209529801485";"9.339503936371928";"ja";"nein";"nein";"nein";"Feuerwehr";"Kommunaler Bereitschaftsdienst";"2025-07-02";"mittel";"Regelbetrieb nach kommunalem Notfallplan"
"NK-0255";"AED-Standort Sued 255";"AED-Standort";"Defibrillator";"aktiv";"0";"0";"0";"Musterstrasse 15";"73728";"Esslingen am Neckar";"Sued";"48.77975788415428";"9.326363047105007";"ja";"nein";"nein";"nein";"DRK";"Kommunaler Bereitschaftsdienst";"2026-04-08";"mittel";"Regelbetrieb nach kommunalem Notfallplan"
"NK-0256";"AED-Standort Weststadt 256";"AED-Standort";"Defibrillator";"eingeschraenkt";"0";"0";"0";"Musterstrasse 16";"73728";"Esslingen am Neckar";"Weststadt";"48.75924774396647";"9.304551379815514";"nein";"ja";"nein";"ja";"Technisches Hilfswerk";"Amt fuer Bevoelkerungsschutz";"2025-05-29";"niedrig";"Regelbetrieb nach kommunalem Notfallplan"
"NK-0257";"AED-Standort Oberdorf 257";"AED-Standort";"Defibrillator";"eingeschraenkt";"0";"0";"0";"Musterstrasse 17";"73728";"Esslingen am Neckar";"Oberdorf";"48.78148766334891";"9.281546377781181";"ja";"nein";"ja";"nein";"Gebaeudemanagement";"Kommunaler Bereitschaftsdienst";"2026-03-20";"mittel";"Regelbetrieb nach kommunalem Notfallplan"
"NK-0258";"AED-Standort Pliensauvorstadt 258";"AED-Standort";"Defibrillator";"eingeschraenkt";"0";"0";"0";"Musterstrasse 18";"73728";"Esslingen am Neckar";"Pliensauvorstadt";"48.75966090455712";"9.27350264825712";"ja";"nein";"nein";"nein";"Ordnungsamt";"Kommunaler Bereitschaftsdienst";"2025-04-10";"mittel";"Regelbetrieb nach kommunalem Notfallplan"
"NK-0259";"AED-Standort Zell 259";"AED-Standort";"Defibrillator";"ausser Betrieb";"0";"0";"0";"Musterstrasse 19";"73728";"Esslingen am Neckar";"Zell";"48.74166604380172";"9.262862392569827";"ja";"ja";"nein";"nein";"Stadtverwaltung";"Amt fuer Bevoelkerungsschutz";"2026-01-03";"mittel";"Regelbetrieb nach kommunalem Notfallplan"
"NK-0260";"AED-Standort Obertal 260";"AED-Standort";"Defibrillator";"geplant";"0";"0";"0";"Musterstrasse 20";"73728";"Esslingen am Neckar";"Obertal";"48.7227381064961";"9.271906262189175";"ja";"nein";"nein";"nein";"Feuerwehr";"Kommunaler Bereitschaftsdienst";"2025-08-02";"hoch";"Regelbetrieb nach kommunalem Notfallplan"
"NK-0261";"AED-Standort Sulzgries 261";"AED-Standort";"Defibrillator";"aktiv";"0";"0";"0";"Musterstrasse 21";"73728";"Esslingen am Neckar";"Sulzgries";"48.70817888426779";"9.285465700157316";"nein";"nein";"ja";"ja";"DRK";"Kommunaler Bereitschaftsdienst";"2026-02-12";"niedrig";"Regelbetrieb nach kommunalem Notfallplan"
"NK-0262";"AED-Standort Berkheim 262";"AED-Standort";"Defibrillator";"aktiv";"0";"0";"0";"Musterstrasse 22";"73728";"Esslingen am Neckar";"Berkheim";"48.69031642404385";"9.305033725939237";"ja";"ja";"nein";"nein";"Technisches Hilfswerk";"Amt fuer Bevoelkerungsschutz";"2025-05-09";"mittel";"Zugang ueber Nordseite, Schluessel im Stabsraum hinterlegt"
"NK-0263";"AED-Standort Waldacker 263";"AED-Standort";"Defibrillator";"aktiv";"0";"0";"0";"Musterstrasse 23";"73728";"Esslingen am Neckar";"Waldacker";"48.700602920424885";"9.328960094640957";"ja";"nein";"nein";"nein";"Gebaeudemanagement";"Kommunaler Bereitschaftsdienst";"2026-01-28";"mittel";"Regelbetrieb nach kommunalem Notfallplan"
"NK-0264";"AED-Standort Auenfeld 264";"AED-Standort";"Defibrillator";"ausser Betrieb";"0";"0";"0";"Musterstrasse 24";"73728";"Esslingen am Neckar";"Auenfeld";"48.71575349672475";"9.350981363181718";"ja";"nein";"nein";"nein";"Ordnungsamt";"Kommunaler Bereitschaftsdienst";"2026-05-14";"mittel";"Regelbetrieb nach kommunalem Notfallplan"
"NK-0265";"AED-Standort Mitte 265";"AED-Standort";"Defibrillator";"aktiv";"0";"0";"0";"Musterstrasse 25";"73728";"Esslingen am Neckar";"Mitte";"48.76355406637231";"9.292097993035103";"ja";"ja";"ja";"nein";"Stadtverwaltung";"Amt fuer Bevoelkerungsschutz";"2025-11-23";"mittel";"Regelbetrieb nach kommunalem Notfallplan"
"NK-0266";"AED-Standort Nord 266";"AED-Standort";"Defibrillator";"aktiv";"0";"0";"0";"Musterstrasse 26";"73728";"Esslingen am Neckar";"Nord";"48.75615236123021";"9.2798607889328";"nein";"nein";"nein";"ja";"Feuerwehr";"Kommunaler Bereitschaftsdienst";"2026-01-18";"niedrig";"Regelbetrieb nach kommunalem Notfallplan"
"NK-0267";"AED-Standort Sued 267";"AED-Standort";"Defibrillator";"aktiv";"0";"0";"0";"Musterstrasse 27";"73728";"Esslingen am Neckar";"Sued";"48.741833797881895";"9.269185461190636";"ja";"nein";"nein";"nein";"DRK";"Kommunaler Bereitschaftsdienst";"2025-04-09";"hoch";"Regelbetrieb nach kommunalem Notfallplan"
"NK-0268";"AED-Standort Weststadt 268";"AED-Standort";"Defibrillator";"aktiv";"0";"0";"0";"Musterstrasse 28";"73728";"Esslingen am Neckar";"Weststadt";"48.722438058185254";"9.271108125564314";"ja";"ja";"nein";"nein";"Technisches Hilfswerk";"Amt fuer Bevoelkerungsschutz";"2026-02-05";"mittel";"Regelbetrieb nach kommunalem Notfallplan"
"NK-0269";"AED-Standort Oberdorf 269";"AED-Standort";"Defibrillator";"aktiv";"0";"0";"0";"Musterstrasse 29";"73728";"Esslingen am Neckar";"Oberdorf";"48.7072423474662";"9.284762748118776";"ja";"nein";"ja";"nein";"Gebaeudemanagement";"Kommunaler Bereitschaftsdienst";"2025-10-01";"mittel";"Regelbetrieb nach kommunalem Notfallplan"
"NK-0270";"AED-Standort Pliensauvorstadt 270";"AED-Standort";"Defibrillator";"aktiv";"0";"0";"0";"Musterstrasse 30";"73728";"Esslingen am Neckar";"Pliensauvorstadt";"48.71331882042691";"9.304733532803171";"ja";"nein";"nein";"nein";"Ordnungsamt";"Kommunaler Bereitschaftsdienst";"2026-05-12";"mittel";"Regelbetrieb nach kommunalem Notfallplan"
"NK-0271";"AED-Standort Zell 271";"AED-Standort";"Defibrillator";"aktiv";"0";"0";"0";"Musterstrasse 31";"73728";"Esslingen am Neckar";"Zell";"48.706347963533794";"9.32539259478308";"nein";"ja";"nein";"ja";"Stadtverwaltung";"Amt fuer Bevoelkerungsschutz";"2025-12-02";"niedrig";"Zugang ueber Nordseite, Schluessel im Stabsraum hinterlegt"
"NK-0272";"AED-Standort Obertal 272";"AED-Standort";"Defibrillator";"aktiv";"0";"0";"0";"Musterstrasse 32";"73728";"Esslingen am Neckar";"Obertal";"48.72177344720805";"9.33999280134033";"ja";"nein";"nein";"nein";"Feuerwehr";"Kommunaler Bereitschaftsdienst";"2025-12-29";"mittel";"Regelbetrieb nach kommunalem Notfallplan"
"NK-0273";"AED-Standort Sulzgries 273";"AED-Standort";"Defibrillator";"aktiv";"0";"0";"0";"Musterstrasse 33";"73728";"Esslingen am Neckar";"Sulzgries";"48.742167491365436";"9.340385602187016";"ja";"nein";"ja";"nein";"DRK";"Kommunaler Bereitschaftsdienst";"2025-09-19";"mittel";"Regelbetrieb nach kommunalem Notfallplan"
"NK-0274";"AED-Standort Berkheim 274";"AED-Standort";"Defibrillator";"aktiv";"0";"0";"0";"Musterstrasse 34";"73728";"Esslingen am Neckar";"Berkheim";"48.76456449583277";"9.343104649150028";"ja";"ja";"nein";"nein";"Technisches Hilfswerk";"Amt fuer Bevoelkerungsschutz";"2026-01-19";"hoch";"Regelbetrieb nach kommunalem Notfallplan"
"NK-0275";"AED-Standort Waldacker 275";"AED-Standort";"Defibrillator";"aktiv";"0";"0";"0";"Musterstrasse 35";"73728";"Esslingen am Neckar";"Waldacker";"48.77575716389515";"9.32372791714383";"ja";"nein";"nein";"nein";"Gebaeudemanagement";"Kommunaler Bereitschaftsdienst";"2025-11-06";"mittel";"Regelbetrieb nach kommunalem Notfallplan"
"NK-0276";"AED-Standort Auenfeld 276";"AED-Standort";"Defibrillator";"ausser Betrieb";"0";"0";"0";"Musterstrasse 36";"73728";"Esslingen am Neckar";"Auenfeld";"48.79358246713598";"9.30406882166624";"nein";"nein";"nein";"ja";"Ordnungsamt";"Kommunaler Bereitschaftsdienst";"2026-04-03";"niedrig";"Regelbetrieb nach kommunalem Notfallplan"
"NK-0277";"AED-Standort Mitte 277";"AED-Standort";"Defibrillator";"eingeschraenkt";"0";"0";"0";"Musterstrasse 37";"73728";"Esslingen am Neckar";"Mitte";"48.7238387523578";"9.294172377043562";"ja";"ja";"ja";"nein";"Stadtverwaltung";"Amt fuer Bevoelkerungsschutz";"2025-03-29";"mittel";"Regelbetrieb nach kommunalem Notfallplan"
"NK-0278";"AED-Standort Nord 278";"AED-Standort";"Defibrillator";"eingeschraenkt";"0";"0";"0";"Musterstrasse 38";"73728";"Esslingen am Neckar";"Nord";"48.71915853927816";"9.304621286459534";"ja";"nein";"nein";"nein";"Feuerwehr";"Kommunaler Bereitschaftsdienst";"2025-08-06";"mittel";"Regelbetrieb nach kommunalem Notfallplan"
"NK-0279";"AED-Standort Sued 279";"AED-Standort";"Defibrillator";"ausser Betrieb";"0";"0";"0";"Musterstrasse 39";"73728";"Esslingen am Neckar";"Sued";"48.70817065815012";"9.324157845079679";"ja";"nein";"nein";"nein";"DRK";"Kommunaler Bereitschaftsdienst";"2026-02-01";"mittel";"Regelbetrieb nach kommunalem Notfallplan"
"NK-0280";"AED-Standort Weststadt 280";"AED-Standort";"Defibrillator";"geplant";"0";"0";"0";"Musterstrasse 40";"73728";"Esslingen am Neckar";"Weststadt";"48.72544359801407";"9.333288831773316";"ja";"ja";"nein";"nein";"Technisches Hilfswerk";"Amt fuer Bevoelkerungsschutz";"2025-11-09";"mittel";"Zugang ueber Nordseite, Schluessel im Stabsraum hinterlegt"
"NK-0281";"AED-Standort Oberdorf 281";"AED-Standort";"Defibrillator";"aktiv";"0";"0";"0";"Musterstrasse 41";"73728";"Esslingen am Neckar";"Oberdorf";"48.74205238076139";"9.345357574566526";"nein";"nein";"ja";"ja";"Gebaeudemanagement";"Kommunaler Bereitschaftsdienst";"2025-10-21";"hoch";"Regelbetrieb nach kommunalem Notfallplan"
"NK-0282";"AED-Standort Pliensauvorstadt 282";"AED-Standort";"Defibrillator";"aktiv";"0";"0";"0";"Musterstrasse 42";"73728";"Esslingen am Neckar";"Pliensauvorstadt";"48.756676959901355";"9.329920454899186";"ja";"nein";"nein";"nein";"Ordnungsamt";"Kommunaler Bereitschaftsdienst";"2025-03-31";"mittel";"Regelbetrieb nach kommunalem Notfallplan"
"NK-0283";"AED-Standort Zell 283";"AED-Standort";"Defibrillator";"aktiv";"0";"0";"0";"Musterstrasse 43";"73728";"Esslingen am Neckar";"Zell";"48.76889770623003";"9.319985942212854";"ja";"ja";"nein";"nein";"Stadtverwaltung";"Amt fuer Bevoelkerungsschutz";"2025-08-05";"mittel";"Regelbetrieb nach kommunalem Notfallplan"
"NK-0284";"AED-Standort Obertal 284";"AED-Standort";"Defibrillator";"aktiv";"0";"0";"0";"Musterstrasse 44";"73728";"Esslingen am Neckar";"Obertal";"48.793893300169984";"9.30425988794163";"ja";"nein";"nein";"nein";"Feuerwehr";"Kommunaler Bereitschaftsdienst";"2026-01-05";"mittel";"Regelbetrieb nach kommunalem Notfallplan"
"NK-0285";"AED-Standort Sulzgries 285";"AED-Standort";"Defibrillator";"aktiv";"0";"0";"0";"Musterstrasse 45";"73728";"Esslingen am Neckar";"Sulzgries";"48.7695804857941";"9.288341558952162";"ja";"nein";"ja";"nein";"DRK";"Kommunaler Bereitschaftsdienst";"2026-05-03";"mittel";"Regelbetrieb nach kommunalem Notfallplan"
"NK-0286";"AED-Standort Berkheim 286";"AED-Standort";"Defibrillator";"aktiv";"0";"0";"0";"Musterstrasse 46";"73728";"Esslingen am Neckar";"Berkheim";"48.76740921951372";"9.259545919453725";"nein";"ja";"nein";"ja";"Technisches Hilfswerk";"Amt fuer Bevoelkerungsschutz";"2025-05-26";"niedrig";"Regelbetrieb nach kommunalem Notfallplan"
"NK-0287";"AED-Standort Waldacker 287";"AED-Standort";"Defibrillator";"aktiv";"0";"0";"0";"Musterstrasse 47";"73728";"Esslingen am Neckar";"Waldacker";"48.741390832381434";"9.250110417148255";"ja";"nein";"nein";"nein";"Gebaeudemanagement";"Kommunaler Bereitschaftsdienst";"2025-12-09";"mittel";"Regelbetrieb nach kommunalem Notfallplan"
"NK-0288";"AED-Standort Auenfeld 288";"AED-Standort";"Defibrillator";"ausser Betrieb";"0";"0";"0";"Musterstrasse 48";"73728";"Esslingen am Neckar";"Auenfeld";"48.71624736126802";"9.261204573431643";"ja";"nein";"nein";"nein";"Ordnungsamt";"Kommunaler Bereitschaftsdienst";"2025-10-18";"hoch";"Regelbetrieb nach kommunalem Notfallplan"
"NK-0289";"AED-Standort Mitte 289";"AED-Standort";"Defibrillator";"aktiv";"0";"0";"0";"Musterstrasse 49";"73728";"Esslingen am Neckar";"Mitte";"48.7419";"9.336347923396529";"ja";"ja";"ja";"nein";"Stadtverwaltung";"Amt fuer Bevoelkerungsschutz";"2026-04-10";"mittel";"Zugang ueber Nordseite, Schluessel im Stabsraum hinterlegt"
"NK-0290";"AED-Standort Nord 290";"AED-Standort";"Defibrillator";"aktiv";"0";"0";"0";"Musterstrasse 50";"73728";"Esslingen am Neckar";"Nord";"48.762965052315074";"9.341007150077019";"ja";"nein";"nein";"nein";"Feuerwehr";"Kommunaler Bereitschaftsdienst";"2026-02-05";"mittel";"Regelbetrieb nach kommunalem Notfallplan"
"NK-0291";"AED-Standort Sued 291";"AED-Standort";"Defibrillator";"aktiv";"0";"0";"0";"Musterstrasse 51";"73728";"Esslingen am Neckar";"Sued";"48.75631500482522";"9.312886633974355";"nein";"nein";"nein";"ja";"DRK";"Kommunaler Bereitschaftsdienst";"2025-04-16";"niedrig";"Regelbetrieb nach kommunalem Notfallplan"
"NK-0292";"AED-Standort Weststadt 292";"AED-Standort";"Defibrillator";"aktiv";"0";"0";"0";"Musterstrasse 52";"73728";"Esslingen am Neckar";"Weststadt";"48.759796034032696";"9.304549843133612";"ja";"ja";"nein";"nein";"Technisches Hilfswerk";"Amt fuer Bevoelkerungsschutz";"2026-01-09";"mittel";"Regelbetrieb nach kommunalem Notfallplan"
"NK-0293";"AED-Standort Oberdorf 293";"AED-Standort";"Defibrillator";"aktiv";"0";"0";"0";"Musterstrasse 53";"73728";"Esslingen am Neckar";"Oberdorf";"48.77306953036629";"9.286448623611115";"ja";"nein";"ja";"nein";"Gebaeudemanagement";"Kommunaler Bereitschaftsdienst";"2025-12-30";"mittel";"Regelbetrieb nach kommunalem Notfallplan"
"NK-0294";"AED-Standort Pliensauvorstadt 294";"AED-Standort";"Defibrillator";"aktiv";"0";"0";"0";"Musterstrasse 54";"73728";"Esslingen am Neckar";"Pliensauvorstadt";"48.7629632960386";"9.267720531182961";"ja";"nein";"nein";"nein";"Ordnungsamt";"Kommunaler Bereitschaftsdienst";"2025-07-17";"mittel";"Regelbetrieb nach kommunalem Notfallplan"
"NK-0295";"AED-Standort Zell 295";"AED-Standort";"Defibrillator";"aktiv";"0";"0";"0";"Musterstrasse 55";"73728";"Esslingen am Neckar";"Zell";"48.74175897281865";"9.279440858351531";"ja";"ja";"nein";"nein";"Stadtverwaltung";"Amt fuer Bevoelkerungsschutz";"2025-11-07";"hoch";"Regelbetrieb nach kommunalem Notfallplan"
"NK-0296";"AED-Standort Obertal 296";"AED-Standort";"Defibrillator";"eingeschraenkt";"0";"0";"0";"Musterstrasse 56";"73728";"Esslingen am Neckar";"Obertal";"48.73057380216036";"9.285275409635924";"nein";"nein";"nein";"ja";"Feuerwehr";"Kommunaler Bereitschaftsdienst";"2025-04-23";"niedrig";"Regelbetrieb nach kommunalem Notfallplan"
"NK-0297";"AED-Standort Sulzgries 297";"AED-Standort";"Defibrillator";"eingeschraenkt";"0";"0";"0";"Musterstrasse 57";"73728";"Esslingen am Neckar";"Sulzgries";"48.69613593071916";"9.278632193045008";"ja";"nein";"ja";"nein";"DRK";"Kommunaler Bereitschaftsdienst";"2025-09-22";"mittel";"Regelbetrieb nach kommunalem Notfallplan"
"NK-0298";"AED-Standort Berkheim 298";"AED-Standort";"Defibrillator";"eingeschraenkt";"0";"0";"0";"Musterstrasse 58";"73728";"Esslingen am Neckar";"Berkheim";"48.702105305323265";"9.30493460245835";"ja";"ja";"nein";"nein";"Technisches Hilfswerk";"Amt fuer Bevoelkerungsschutz";"2025-09-30";"mittel";"Zugang ueber Nordseite, Schluessel im Stabsraum hinterlegt"
"NK-0299";"AED-Standort Waldacker 299";"AED-Standort";"Defibrillator";"ausser Betrieb";"0";"0";"0";"Musterstrasse 59";"73728";"Esslingen am Neckar";"Waldacker";"48.69993028336215";"9.329356866099758";"ja";"nein";"nein";"nein";"Gebaeudemanagement";"Kommunaler Bereitschaftsdienst";"2025-12-22";"mittel";"Regelbetrieb nach kommunalem Notfallplan"
"NK-0300";"AED-Standort Auenfeld 300";"AED-Standort";"Defibrillator";"ausser Betrieb";"0";"0";"0";"Musterstrasse 60";"73728";"Esslingen am Neckar";"Auenfeld";"48.72549614130122";"9.333698855777397";"ja";"nein";"nein";"nein";"Ordnungsamt";"Kommunaler Bereitschaftsdienst";"2025-07-14";"mittel";"Regelbetrieb nach kommunalem Notfallplan"
"NK-0301";"AED-Standort Mitte 301";"AED-Standort";"Defibrillator";"aktiv";"0";"0";"0";"Musterstrasse 61";"73728";"Esslingen am Neckar";"Mitte";"48.76561577537791";"9.290907662318254";"nein";"ja";"ja";"ja";"Stadtverwaltung";"Amt fuer Bevoelkerungsschutz";"2025-03-28";"niedrig";"Regelbetrieb nach kommunalem Notfallplan"
"NK-0302";"AED-Standort Nord 302";"AED-Standort";"Defibrillator";"aktiv";"0";"0";"0";"Musterstrasse 62";"73728";"Esslingen am Neckar";"Nord";"48.75742570607521";"9.277650520306214";"ja";"nein";"nein";"nein";"Feuerwehr";"Kommunaler Bereitschaftsdienst";"2025-10-01";"hoch";"Regelbetrieb nach kommunalem Notfallplan"
"NK-0303";"AED-Standort Sued 303";"AED-Standort";"Defibrillator";"aktiv";"0";"0";"0";"Musterstrasse 63";"73728";"Esslingen am Neckar";"Sued";"48.74184543465785";"9.275410504518513";"ja";"nein";"nein";"nein";"DRK";"Kommunaler Bereitschaftsdienst";"2025-09-20";"mittel";"Regelbetrieb nach kommunalem Notfallplan"
"NK-0304";"AED-Standort Weststadt 304";"AED-Standort";"Defibrillator";"aktiv";"0";"0";"0";"Musterstrasse 64";"73728";"Esslingen am Neckar";"Weststadt";"48.73150284512108";"9.286707632989144";"ja";"ja";"nein";"nein";"Technisches Hilfswerk";"Amt fuer Bevoelkerungsschutz";"2026-01-14";"mittel";"Regelbetrieb nach kommunalem Notfallplan"
"NK-0305";"AED-Standort Oberdorf 305";"AED-Standort";"Defibrillator";"aktiv";"0";"0";"0";"Musterstrasse 65";"73728";"Esslingen am Neckar";"Oberdorf";"48.715810043542405";"9.28966670244574";"ja";"nein";"ja";"nein";"Gebaeudemanagement";"Kommunaler Bereitschaftsdienst";"2025-06-28";"mittel";"Regelbetrieb nach kommunalem Notfallplan"
"NK-0306";"AED-Standort Pliensauvorstadt 306";"AED-Standort";"Defibrillator";"aktiv";"0";"0";"0";"Musterstrasse 66";"73728";"Esslingen am Neckar";"Pliensauvorstadt";"48.69841919031042";"9.304803144673826";"nein";"nein";"nein";"ja";"Ordnungsamt";"Kommunaler Bereitschaftsdienst";"2025-05-27";"niedrig";"Regelbetrieb nach kommunalem Notfallplan"
"NK-0307";"AED-Standort Zell 307";"AED-Standort";"Defibrillator";"aktiv";"0";"0";"0";"Musterstrasse 67";"73728";"Esslingen am Neckar";"Zell";"48.717826811223084";"9.318679195149643";"ja";"ja";"nein";"nein";"Stadtverwaltung";"Amt fuer Bevoelkerungsschutz";"2026-04-19";"mittel";"Zugang ueber Nordseite, Schluessel im Stabsraum hinterlegt"
"NK-0308";"AED-Standort Obertal 308";"AED-Standort";"Defibrillator";"aktiv";"0";"0";"0";"Musterstrasse 68";"73728";"Esslingen am Neckar";"Obertal";"48.72256534060344";"9.338600246643292";"ja";"nein";"nein";"nein";"Feuerwehr";"Kommunaler Bereitschaftsdienst";"2026-01-23";"mittel";"Regelbetrieb nach kommunalem Notfallplan"
"NK-0309";"AED-Standort Sulzgries 309";"AED-Standort";"Defibrillator";"aktiv";"0";"0";"0";"Musterstrasse 69";"73728";"Esslingen am Neckar";"Sulzgries";"48.74207719106407";"9.328305022850138";"ja";"nein";"ja";"nein";"DRK";"Kommunaler Bereitschaftsdienst";"2025-04-27";"hoch";"Regelbetrieb nach kommunalem Notfallplan"
"NK-0310";"AED-Standort Berkheim 310";"AED-Standort";"Defibrillator";"aktiv";"0";"0";"0";"Musterstrasse 70";"73728";"Esslingen am Neckar";"Berkheim";"48.76331703909772";"9.340985348360476";"ja";"ja";"nein";"nein";"Technisches Hilfswerk";"Amt fuer Bevoelkerungsschutz";"2025-11-28";"mittel";"Regelbetrieb nach kommunalem Notfallplan"
"NK-0311";"AED-Standort Waldacker 311";"AED-Standort";"Defibrillator";"aktiv";"0";"0";"0";"Musterstrasse 71";"73728";"Esslingen am Neckar";"Waldacker";"48.78744470354967";"9.330330900512996";"nein";"nein";"nein";"ja";"Gebaeudemanagement";"Kommunaler Bereitschaftsdienst";"2025-09-23";"niedrig";"Regelbetrieb nach kommunalem Notfallplan"
"NK-0312";"AED-Standort Auenfeld 312";"AED-Standort";"Defibrillator";"ausser Betrieb";"0";"0";"0";"Musterstrasse 72";"73728";"Esslingen am Neckar";"Auenfeld";"48.7836281818295";"9.304171129101931";"ja";"nein";"nein";"nein";"Ordnungsamt";"Kommunaler Bereitschaftsdienst";"2026-04-06";"mittel";"Regelbetrieb nach kommunalem Notfallplan"
"NK-0313";"AED-Standort Mitte 313";"AED-Standort";"Defibrillator";"aktiv";"0";"0";"0";"Musterstrasse 73";"73728";"Esslingen am Neckar";"Mitte";"48.72284615533781";"9.29359930326277";"ja";"ja";"ja";"nein";"Stadtverwaltung";"Amt fuer Bevoelkerungsschutz";"2025-10-23";"mittel";"Regelbetrieb nach kommunalem Notfallplan"
"NK-0314";"AED-Standort Nord 314";"AED-Standort";"Defibrillator";"aktiv";"0";"0";"0";"Musterstrasse 74";"73728";"Esslingen am Neckar";"Nord";"48.72333894109668";"9.304617373520289";"ja";"nein";"nein";"nein";"Feuerwehr";"Kommunaler Bereitschaftsdienst";"2025-12-26";"mittel";"Regelbetrieb nach kommunalem Notfallplan"
"NK-0315";"AED-Standort Sued 315";"AED-Standort";"Defibrillator";"aktiv";"0";"0";"0";"Musterstrasse 75";"73728";"Esslingen am Neckar";"Sued";"48.701800340901414";"9.32785165204493";"ja";"nein";"nein";"nein";"DRK";"Kommunaler Bereitschaftsdienst";"2025-08-07";"mittel";"Regelbetrieb nach kommunalem Notfallplan"
"NK-0316";"AED-Standort Weststadt 316";"AED-Standort";"Defibrillator";"eingeschraenkt";"0";"0";"0";"Musterstrasse 76";"73728";"Esslingen am Neckar";"Weststadt";"48.725679250792005";"9.332878012755344";"nein";"ja";"nein";"ja";"Technisches Hilfswerk";"Amt fuer Bevoelkerungsschutz";"2025-11-07";"hoch";"Zugang ueber Nordseite, Schluessel im Stabsraum hinterlegt"
"NK-0317";"AED-Standort Oberdorf 317";"AED-Standort";"Defibrillator";"eingeschraenkt";"0";"0";"0";"Musterstrasse 77";"73728";"Esslingen am Neckar";"Oberdorf";"48.741991680956936";"9.329122081424844";"ja";"nein";"ja";"nein";"Gebaeudemanagement";"Kommunaler Bereitschaftsdienst";"2026-03-31";"mittel";"Regelbetrieb nach kommunalem Notfallplan"
"NK-0318";"AED-Standort Pliensauvorstadt 318";"AED-Standort";"Defibrillator";"eingeschraenkt";"0";"0";"0";"Musterstrasse 78";"73728";"Esslingen am Neckar";"Pliensauvorstadt";"48.757757793904545";"9.33177247377275";"ja";"nein";"nein";"nein";"Ordnungsamt";"Kommunaler Bereitschaftsdienst";"2026-04-16";"mittel";"Regelbetrieb nach kommunalem Notfallplan"
"NK-0319";"AED-Standort Zell 319";"AED-Standort";"Defibrillator";"ausser Betrieb";"0";"0";"0";"Musterstrasse 79";"73728";"Esslingen am Neckar";"Zell";"48.77889639196362";"9.325684174484545";"ja";"ja";"nein";"nein";"Stadtverwaltung";"Amt fuer Bevoelkerungsschutz";"2026-01-03";"mittel";"Regelbetrieb nach kommunalem Notfallplan"
"NK-0320";"AED-Standort Obertal 320";"AED-Standort";"Defibrillator";"geplant";"0";"0";"0";"Musterstrasse 80";"73728";"Esslingen am Neckar";"Obertal";"48.78742453222704";"9.304302203124028";"ja";"nein";"nein";"nein";"Feuerwehr";"Kommunaler Bereitschaftsdienst";"2025-09-09";"mittel";"Regelbetrieb nach kommunalem Notfallplan"
"NK-0321";"AED-Standort Sulzgries 321";"AED-Standort";"Defibrillator";"aktiv";"0";"0";"0";"Musterstrasse 81";"73728";"Esslingen am Neckar";"Sulzgries";"48.7836279542133";"9.28009062221414";"nein";"nein";"ja";"ja";"DRK";"Kommunaler Bereitschaftsdienst";"2025-06-26";"niedrig";"Regelbetrieb nach kommunalem Notfallplan"
"NK-0322";"AED-Standort Berkheim 322";"AED-Standort";"Defibrillator";"aktiv";"0";"0";"0";"Musterstrasse 82";"73728";"Esslingen am Neckar";"Berkheim";"48.76247519965331";"9.26826032673257";"ja";"ja";"nein";"nein";"Technisches Hilfswerk";"Amt fuer Bevoelkerungsschutz";"2026-01-07";"mittel";"Regelbetrieb nach kommunalem Notfallplan"
"NK-0323";"AED-Standort Waldacker 323";"AED-Standort";"Defibrillator";"aktiv";"0";"0";"0";"Musterstrasse 83";"73728";"Esslingen am Neckar";"Waldacker";"48.741648663078195";"9.277702680679052";"ja";"nein";"nein";"nein";"Gebaeudemanagement";"Kommunaler Bereitschaftsdienst";"2025-11-09";"hoch";"Regelbetrieb nach kommunalem Notfallplan"
"NK-0324";"AED-Standort Auenfeld 324";"AED-Standort";"Defibrillator";"ausser Betrieb";"0";"0";"0";"Musterstrasse 84";"73728";"Esslingen am Neckar";"Auenfeld";"48.71990553561519";"9.26739294406734";"ja";"nein";"nein";"nein";"Ordnungsamt";"Kommunaler Bereitschaftsdienst";"2025-11-08";"mittel";"Regelbetrieb nach kommunalem Notfallplan"
"NK-0325";"AED-Standort Mitte 325";"AED-Standort";"Defibrillator";"aktiv";"0";"0";"0";"Musterstrasse 85";"73728";"Esslingen am Neckar";"Mitte";"48.7419";"9.34015513676256";"ja";"ja";"ja";"nein";"Stadtverwaltung";"Amt fuer Bevoelkerungsschutz";"2025-03-28";"mittel";"Zugang ueber Nordseite, Schluessel im Stabsraum hinterlegt"
"NK-0326";"AED-Standort Nord 326";"AED-Standort";"Defibrillator";"aktiv";"0";"0";"0";"Musterstrasse 86";"73728";"Esslingen am Neckar";"Nord";"48.752887278775134";"9.323589533057937";"nein";"nein";"nein";"ja";"Feuerwehr";"Kommunaler Bereitschaftsdienst";"2025-06-16";"niedrig";"Regelbetrieb nach kommunalem Notfallplan"
"NK-0327";"AED-Standort Sued 327";"AED-Standort";"Defibrillator";"aktiv";"0";"0";"0";"Musterstrasse 87";"73728";"Esslingen am Neckar";"Sued";"48.76859933141272";"9.319948422665128";"ja";"nein";"nein";"nein";"DRK";"Kommunaler Bereitschaftsdienst";"2026-04-08";"mittel";"Regelbetrieb nach kommunalem Notfallplan"
"NK-0328";"AED-Standort Weststadt 328";"AED-Standort";"Defibrillator";"aktiv";"0";"0";"0";"Musterstrasse 88";"73728";"Esslingen am Neckar";"Weststadt";"48.76997729903701";"9.304521308300277";"ja";"ja";"nein";"nein";"Technisches Hilfswerk";"Amt fuer Bevoelkerungsschutz";"2025-09-13";"mittel";"Regelbetrieb nach kommunalem Notfallplan"
"NK-0329";"AED-Standort Oberdorf 329";"AED-Standort";"Defibrillator";"aktiv";"0";"0";"0";"Musterstrasse 89";"73728";"Esslingen am Neckar";"Oberdorf";"48.75747544955781";"9.295529736700312";"ja";"nein";"ja";"nein";"Gebaeudemanagement";"Kommunaler Bereitschaftsdienst";"2026-02-11";"mittel";"Regelbetrieb nach kommunalem Notfallplan"
"NK-0330";"AED-Standort Pliensauvorstadt 330";"AED-Standort";"Defibrillator";"aktiv";"0";"0";"0";"Musterstrasse 90";"73728";"Esslingen am Neckar";"Pliensauvorstadt";"48.75176170805759";"9.287333255321187";"ja";"nein";"nein";"nein";"Ordnungsamt";"Kommunaler Bereitschaftsdienst";"2025-04-24";"hoch";"Regelbetrieb nach kommunalem Notfallplan"
"NK-0331";"AED-Standort Zell 331";"AED-Standort";"Defibrillator";"aktiv";"0";"0";"0";"Musterstrasse 91";"73728";"Esslingen am Neckar";"Zell";"48.74171149006953";"9.270969972102868";"nein";"ja";"nein";"ja";"Stadtverwaltung";"Amt fuer Bevoelkerungsschutz";"2025-07-28";"niedrig";"Regelbetrieb nach kommunalem Notfallplan"
"NK-0332";"AED-Standort Obertal 332";"AED-Standort";"Defibrillator";"aktiv";"0";"0";"0";"Musterstrasse 92";"73728";"Esslingen am Neckar";"Obertal";"48.72019870827827";"9.267573578703892";"ja";"nein";"nein";"nein";"Feuerwehr";"Kommunaler Bereitschaftsdienst";"2025-04-30";"mittel";"Regelbetrieb nach kommunalem Notfallplan"
"NK-0333";"AED-Standort Sulzgries 333";"AED-Standort";"Defibrillator";"aktiv";"0";"0";"0";"Musterstrasse 93";"73728";"Esslingen am Neckar";"Sulzgries";"48.71793316026122";"9.291000547909352";"ja";"nein";"ja";"nein";"DRK";"Kommunaler Bereitschaftsdienst";"2025-08-04";"mittel";"Regelbetrieb nach kommunalem Notfallplan"
"NK-0334";"AED-Standort Berkheim 334";"AED-Standort";"Defibrillator";"aktiv";"0";"0";"0";"Musterstrasse 94";"73728";"Esslingen am Neckar";"Berkheim";"48.69485111089006";"9.304995597304783";"ja";"ja";"nein";"nein";"Technisches Hilfswerk";"Amt fuer Bevoelkerungsschutz";"2026-03-29";"mittel";"Zugang ueber Nordseite, Schluessel im Stabsraum hinterlegt"
"NK-0335";"AED-Standort Waldacker 335";"AED-Standort";"Defibrillator";"aktiv";"0";"0";"0";"Musterstrasse 95";"73728";"Esslingen am Neckar";"Waldacker";"48.720130271980665";"9.317441407681002";"ja";"nein";"nein";"nein";"Gebaeudemanagement";"Kommunaler Bereitschaftsdienst";"2025-06-11";"mittel";"Regelbetrieb nach kommunalem Notfallplan"
"NK-0336";"AED-Standort Auenfeld 336";"AED-Standort";"Defibrillator";"ausser Betrieb";"0";"0";"0";"Musterstrasse 96";"73728";"Esslingen am Neckar";"Auenfeld";"48.72806865838362";"9.329135459753312";"nein";"nein";"nein";"ja";"Ordnungsamt";"Kommunaler Bereitschaftsdienst";"2026-01-30";"niedrig";"Regelbetrieb nach kommunalem Notfallplan"
"NK-0337";"AED-Standort Mitte 337";"AED-Standort";"Defibrillator";"eingeschraenkt";"0";"0";"0";"Musterstrasse 97";"73728";"Esslingen am Neckar";"Mitte";"48.77732958893399";"9.284144674889209";"ja";"ja";"ja";"nein";"Stadtverwaltung";"Amt fuer Bevoelkerungsschutz";"2025-12-26";"hoch";"Regelbetrieb nach kommunalem Notfallplan"
"NK-0338";"AED-Standort Nord 338";"AED-Standort";"Defibrillator";"eingeschraenkt";"0";"0";"0";"Musterstrasse 98";"73728";"Esslingen am Neckar";"Nord";"48.75099590727418";"9.28881134812197";"ja";"nein";"nein";"nein";"Feuerwehr";"Kommunaler Bereitschaftsdienst";"2026-04-25";"mittel";"Regelbetrieb nach kommunalem Notfallplan"
"NK-0339";"AED-Standort Sued 339";"AED-Standort";"Defibrillator";"ausser Betrieb";"0";"0";"0";"Musterstrasse 99";"73728";"Esslingen am Neckar";"Sued";"48.74182450199009";"9.264212663783182";"ja";"nein";"nein";"nein";"DRK";"Kommunaler Bereitschaftsdienst";"2026-04-27";"mittel";"Regelbetrieb nach kommunalem Notfallplan"
"NK-0340";"AED-Standort Weststadt 340";"AED-Standort";"Defibrillator";"geplant";"0";"0";"0";"Musterstrasse 100";"73728";"Esslingen am Neckar";"Weststadt";"48.732551438755436";"9.288512148009808";"ja";"ja";"nein";"nein";"Technisches Hilfswerk";"Amt fuer Bevoelkerungsschutz";"2025-07-09";"mittel";"Regelbetrieb nach kommunalem Notfallplan"
"NK-0341";"Sirenenstandort Oberdorf 341";"Sirenenstandort";"Dachsirene";"aktiv";"0";"0";"0";"Musterstrasse 101";"73728";"Esslingen am Neckar";"Oberdorf";"48.721843704513915";"9.293120232725697";"nein";"nein";"ja";"ja";"Gebaeudemanagement";"Kommunaler Bereitschaftsdienst";"2025-12-16";"niedrig";"Regelbetrieb nach kommunalem Notfallplan"
"NK-0342";"Sirenenstandort Pliensauvorstadt 342";"Sirenenstandort";"Dachsirene";"aktiv";"0";"0";"0";"Musterstrasse 102";"73728";"Esslingen am Neckar";"Pliensauvorstadt";"48.712626738780266";"9.304736766245725";"ja";"nein";"nein";"nein";"Ordnungsamt";"Kommunaler Bereitschaftsdienst";"2025-08-04";"mittel";"Regelbetrieb nach kommunalem Notfallplan"
"NK-0343";"Sirenenstandort Zell 343";"Sirenenstandort";"Dachsirene";"aktiv";"0";"0";"0";"Musterstrasse 103";"73728";"Esslingen am Neckar";"Zell";"48.71197141104506";"9.322103723680103";"ja";"ja";"nein";"nein";"Stadtverwaltung";"Amt fuer Bevoelkerungsschutz";"2025-12-05";"mittel";"Zugang ueber Nordseite, Schluessel im Stabsraum hinterlegt"
"NK-0344";"Sirenenstandort Obertal 344";"Sirenenstandort";"Dachsirene";"aktiv";"0";"0";"0";"Musterstrasse 104";"73728";"Esslingen am Neckar";"Obertal";"48.72304130275438";"9.337763261093516";"ja";"nein";"nein";"nein";"Feuerwehr";"Kommunaler Bereitschaftsdienst";"2025-04-08";"hoch";"Regelbetrieb nach kommunalem Notfallplan"
"NK-0345";"Sirenenstandort Sulzgries 345";"Sirenenstandort";"Dachsirene";"aktiv";"0";"0";"0";"Musterstrasse 105";"73728";"Esslingen am Neckar";"Sulzgries";"48.7421623758512";"9.339701237078755";"ja";"nein";"ja";"nein";"DRK";"Kommunaler Bereitschaftsdienst";"2025-06-18";"mittel";"Regelbetrieb nach kommunalem Notfallplan"
"NK-0346";"Sirenenstandort Berkheim 346";"Sirenenstandort";"Dachsirene";"aktiv";"0";"0";"0";"Musterstrasse 106";"73728";"Esslingen am Neckar";"Berkheim";"48.76388438395151";"9.341949208960056";"nein";"ja";"nein";"ja";"Technisches Hilfswerk";"Amt fuer Bevoelkerungsschutz";"2026-04-16";"niedrig";"Regelbetrieb nach kommunalem Notfallplan"
"NK-0347";"Sirenenstandort Waldacker 347";"Sirenenstandort";"Dachsirene";"aktiv";"0";"0";"0";"Musterstrasse 107";"73728";"Esslingen am Neckar";"Waldacker";"48.78503095770949";"9.328967232528864";"ja";"nein";"nein";"nein";"Gebaeudemanagement";"Kommunaler Bereitschaftsdienst";"2025-06-24";"mittel";"Regelbetrieb nach kommunalem Notfallplan"
"NK-0348";"Sirenenstandort Auenfeld 348";"Sirenenstandort";"Dachsirene";"ausser Betrieb";"0";"0";"0";"Musterstrasse 108";"73728";"Esslingen am Neckar";"Auenfeld";"48.78488914167465";"9.304158169299766";"ja";"nein";"nein";"nein";"Ordnungsamt";"Kommunaler Bereitschaftsdienst";"2025-04-07";"mittel";"Regelbetrieb nach kommunalem Notfallplan"
"NK-0349";"Sirenenstandort Mitte 349";"Sirenenstandort";"Dachsirene";"aktiv";"0";"0";"0";"Musterstrasse 109";"73728";"Esslingen am Neckar";"Mitte";"48.72022470940707";"9.292085817023722";"ja";"ja";"ja";"nein";"Stadtverwaltung";"Amt fuer Bevoelkerungsschutz";"2025-09-26";"mittel";"Regelbetrieb nach kommunalem Notfallplan"
"NK-0350";"Sirenenstandort Nord 350";"Sirenenstandort";"Dachsirene";"aktiv";"0";"0";"0";"Musterstrasse 110";"73728";"Esslingen am Neckar";"Nord";"48.69733278501769";"9.304641715799606";"ja";"nein";"nein";"nein";"Feuerwehr";"Kommunaler Bereitschaftsdienst";"2026-04-23";"mittel";"Regelbetrieb nach kommunalem Notfallplan"
"NK-0351";"Sirenenstandort Sued 351";"Sirenenstandort";"Dachsirene";"aktiv";"0";"0";"0";"Musterstrasse 111";"73728";"Esslingen am Neckar";"Sued";"48.71735693869613";"9.318831211296635";"nein";"nein";"nein";"ja";"DRK";"Kommunaler Bereitschaftsdienst";"2026-04-27";"hoch";"Regelbetrieb nach kommunalem Notfallplan"
"NK-0352";"Sirenenstandort Weststadt 352";"Sirenenstandort";"Dachsirene";"aktiv";"0";"0";"0";"Musterstrasse 112";"73728";"Esslingen am Neckar";"Weststadt";"48.71982085555181";"9.343091090659689";"ja";"ja";"nein";"nein";"Technisches Hilfswerk";"Amt fuer Bevoelkerungsschutz";"2026-04-18";"mittel";"Zugang ueber Nordseite, Schluessel im Stabsraum hinterlegt"
"NK-0353";"Sirenenstandort Oberdorf 353";"Sirenenstandort";"Dachsirene";"aktiv";"0";"0";"0";"Musterstrasse 113";"73728";"Esslingen am Neckar";"Oberdorf";"48.74204012237147";"9.342078799497607";"ja";"nein";"ja";"nein";"Gebaeudemanagement";"Kommunaler Bereitschaftsdienst";"2025-06-24";"mittel";"Regelbetrieb nach kommunalem Notfallplan"
"NK-0354";"Sirenenstandort Pliensauvorstadt 354";"Sirenenstandort";"Dachsirene";"aktiv";"0";"0";"0";"Musterstrasse 114";"73728";"Esslingen am Neckar";"Pliensauvorstadt";"48.76704535272207";"9.347686790095771";"ja";"nein";"nein";"nein";"Ordnungsamt";"Kommunaler Bereitschaftsdienst";"2025-07-29";"mittel";"Regelbetrieb nach kommunalem Notfallplan"
"NK-0355";"Sirenenstandort Zell 355";"Sirenenstandort";"Dachsirene";"aktiv";"0";"0";"0";"Musterstrasse 115";"73728";"Esslingen am Neckar";"Zell";"48.78602163592454";"9.329744837672044";"ja";"ja";"nein";"nein";"Stadtverwaltung";"Amt fuer Bevoelkerungsschutz";"2026-03-23";"mittel";"Regelbetrieb nach kommunalem Notfallplan"
"NK-0356";"Sirenenstandort Obertal 356";"Sirenenstandort";"Dachsirene";"eingeschraenkt";"0";"0";"0";"Musterstrasse 116";"73728";"Esslingen am Neckar";"Obertal";"48.76725307169125";"9.304434153912702";"nein";"nein";"nein";"ja";"Feuerwehr";"Kommunaler Bereitschaftsdienst";"2025-10-24";"niedrig";"Regelbetrieb nach kommunalem Notfallplan"
"NK-0357";"Sirenenstandort Sulzgries 357";"Sirenenstandort";"Dachsirene";"eingeschraenkt";"0";"0";"0";"Musterstrasse 117";"73728";"Esslingen am Neckar";"Sulzgries";"48.77566589196903";"9.284767227985464";"ja";"nein";"ja";"nein";"DRK";"Kommunaler Bereitschaftsdienst";"2025-11-14";"mittel";"Regelbetrieb nach kommunalem Notfallplan"
"NK-0358";"Sirenenstandort Berkheim 358";"Sirenenstandort";"Dachsirene";"eingeschraenkt";"0";"0";"0";"Musterstrasse 118";"73728";"Esslingen am Neckar";"Berkheim";"48.76218533917358";"9.268772274869358";"ja";"ja";"nein";"nein";"Technisches Hilfswerk";"Amt fuer Bevoelkerungsschutz";"2025-10-01";"hoch";"Regelbetrieb nach kommunalem Notfallplan"
"NK-0359";"Sirenenstandort Waldacker 359";"Sirenenstandort";"Dachsirene";"ausser Betrieb";"0";"0";"0";"Musterstrasse 119";"73728";"Esslingen am Neckar";"Waldacker";"48.74138338687623";"9.249313621637539";"ja";"nein";"nein";"nein";"Gebaeudemanagement";"Kommunaler Bereitschaftsdienst";"2025-08-30";"mittel";"Regelbetrieb nach kommunalem Notfallplan"
"NK-0360";"Sirenenstandort Auenfeld 360";"Sirenenstandort";"Dachsirene";"ausser Betrieb";"0";"0";"0";"Musterstrasse 120";"73728";"Esslingen am Neckar";"Auenfeld";"48.724618876957685";"9.275366293719852";"ja";"nein";"nein";"nein";"Ordnungsamt";"Kommunaler Bereitschaftsdienst";"2025-07-06";"mittel";"Regelbetrieb nach kommunalem Notfallplan"
"NK-0361";"Sirenenstandort Mitte 361";"Sirenenstandort";"Dachsirene";"aktiv";"0";"0";"0";"Musterstrasse 1";"73728";"Esslingen am Neckar";"Mitte";"48.7419";"9.340752543686332";"nein";"ja";"ja";"ja";"Stadtverwaltung";"Amt fuer Bevoelkerungsschutz";"2026-01-12";"niedrig";"Zugang ueber Nordseite, Schluessel im Stabsraum hinterlegt"
"NK-0362";"Sirenenstandort Nord 362";"Sirenenstandort";"Dachsirene";"aktiv";"0";"0";"0";"Musterstrasse 2";"73728";"Esslingen am Neckar";"Nord";"48.76443512379366";"9.343547903935324";"ja";"nein";"nein";"nein";"Feuerwehr";"Kommunaler Bereitschaftsdienst";"2025-07-03";"mittel";"Regelbetrieb nach kommunalem Notfallplan"
"NK-0363";"Sirenenstandort Sued 363";"Sirenenstandort";"Dachsirene";"aktiv";"0";"0";"0";"Musterstrasse 3";"73728";"Esslingen am Neckar";"Sued";"48.78139455324571";"9.327303905457974";"ja";"nein";"nein";"nein";"DRK";"Kommunaler Bereitschaftsdienst";"2025-09-03";"mittel";"Regelbetrieb nach kommunalem Notfallplan"
"NK-0364";"Sirenenstandort Weststadt 364";"Sirenenstandort";"Dachsirene";"aktiv";"0";"0";"0";"Musterstrasse 4";"73728";"Esslingen am Neckar";"Weststadt";"48.78185706086474";"9.304488013122942";"ja";"ja";"nein";"nein";"Technisches Hilfswerk";"Amt fuer Bevoelkerungsschutz";"2025-04-14";"mittel";"Regelbetrieb nach kommunalem Notfallplan"
"NK-0365";"Sirenenstandort Oberdorf 365";"Sirenenstandort";"Dachsirene";"aktiv";"0";"0";"0";"Musterstrasse 5";"73728";"Esslingen am Neckar";"Oberdorf";"48.770572377974375";"9.287902824313964";"ja";"nein";"ja";"nein";"Gebaeudemanagement";"Kommunaler Bereitschaftsdienst";"2026-03-07";"hoch";"Regelbetrieb nach kommunalem Notfallplan"
"NK-0366";"Sirenenstandort Pliensauvorstadt 366";"Sirenenstandort";"Dachsirene";"aktiv";"0";"0";"0";"Musterstrasse 6";"73728";"Esslingen am Neckar";"Pliensauvorstadt";"48.7609489128129";"9.271247490269591";"nein";"nein";"nein";"ja";"Ordnungsamt";"Kommunaler Bereitschaftsdienst";"2025-03-31";"niedrig";"Regelbetrieb nach kommunalem Notfallplan"
"NK-0367";"Sirenenstandort Zell 367";"Sirenenstandort";"Dachsirene";"aktiv";"0";"0";"0";"Musterstrasse 7";"73728";"Esslingen am Neckar";"Zell";"48.74166080231641";"9.261927315585709";"ja";"ja";"nein";"nein";"Stadtverwaltung";"Amt fuer Bevoelkerungsschutz";"2025-05-17";"mittel";"Regelbetrieb nach kommunalem Notfallplan"
"NK-0368";"Sirenenstandort Obertal 368";"Sirenenstandort";"Dachsirene";"aktiv";"0";"0";"0";"Musterstrasse 8";"73728";"Esslingen am Neckar";"Obertal";"48.72490439511855";"9.275602351629939";"ja";"nein";"nein";"nein";"Feuerwehr";"Kommunaler Bereitschaftsdienst";"2025-06-18";"mittel";"Regelbetrieb nach kommunalem Notfallplan"
"NK-0369";"Sirenenstandort Sulzgries 369";"Sirenenstandort";"Dachsirene";"aktiv";"0";"0";"0";"Musterstrasse 9";"73728";"Esslingen am Neckar";"Sulzgries";"48.71992577152601";"9.292131211014128";"ja";"nein";"ja";"nein";"DRK";"Kommunaler Bereitschaftsdienst";"2025-10-24";"mittel";"Regelbetrieb nach kommunalem Notfallplan"
"NK-0370";"Sirenenstandort Berkheim 370";"Sirenenstandort";"Dachsirene";"aktiv";"0";"0";"0";"Musterstrasse 10";"73728";"Esslingen am Neckar";"Berkheim";"48.7108198637962";"9.304861328553066";"ja";"ja";"nein";"nein";"Technisches Hilfswerk";"Amt fuer Bevoelkerungsschutz";"2026-04-22";"mittel";"Zugang ueber Nordseite, Schluessel im Stabsraum hinterlegt"
"NK-0371";"Sirenenstandort Waldacker 371";"Sirenenstandort";"Dachsirene";"aktiv";"0";"0";"0";"Musterstrasse 11";"73728";"Esslingen am Neckar";"Waldacker";"48.70932827764921";"9.323813228810547";"nein";"nein";"nein";"ja";"Gebaeudemanagement";"Kommunaler Bereitschaftsdienst";"2026-01-07";"niedrig";"Regelbetrieb nach kommunalem Notfallplan"
"NK-0372";"Sirenenstandort Auenfeld 372";"Sirenenstandort";"Dachsirene";"ausser Betrieb";"0";"0";"0";"Musterstrasse 12";"73728";"Esslingen am Neckar";"Auenfeld";"48.719876681890796";"9.343667232238905";"ja";"nein";"nein";"nein";"Ordnungsamt";"Kommunaler Bereitschaftsdienst";"2025-10-21";"hoch";"Regelbetrieb nach kommunalem Notfallplan"
"NK-0373";"Sirenenstandort Mitte 373";"Sirenenstandort";"Dachsirene";"aktiv";"0";"0";"0";"Musterstrasse 13";"73728";"Esslingen am Neckar";"Mitte";"48.76354839379348";"9.292101268106808";"ja";"ja";"ja";"nein";"Stadtverwaltung";"Amt fuer Bevoelkerungsschutz";"2026-02-26";"mittel";"Regelbetrieb nach kommunalem Notfallplan"
"NK-0374";"Sirenenstandort Nord 374";"Sirenenstandort";"Dachsirene";"aktiv";"0";"0";"0";"Musterstrasse 14";"73728";"Esslingen am Neckar";"Nord";"48.761409100728955";"9.270736154362831";"ja";"nein";"nein";"nein";"Feuerwehr";"Kommunaler Bereitschaftsdienst";"2025-09-20";"mittel";"Regelbetrieb nach kommunalem Notfallplan"
"NK-0375";"Sirenenstandort Sued 375";"Sirenenstandort";"Dachsirene";"aktiv";"0";"0";"0";"Musterstrasse 15";"73728";"Esslingen am Neckar";"Sued";"48.741816808765314";"9.260097206226883";"ja";"nein";"nein";"nein";"DRK";"Kommunaler Bereitschaftsdienst";"2025-06-19";"mittel";"Regelbetrieb nach kommunalem Notfallplan"
"NK-0376";"Sirenenstandort Weststadt 376";"Sirenenstandort";"Dachsirene";"eingeschraenkt";"0";"0";"0";"Musterstrasse 16";"73728";"Esslingen am Neckar";"Weststadt";"48.730839164708165";"9.285565511546883";"nein";"ja";"nein";"ja";"Technisches Hilfswerk";"Amt fuer Bevoelkerungsschutz";"2025-11-18";"niedrig";"Regelbetrieb nach kommunalem Notfallplan"
"NK-0377";"Sirenenstandort Oberdorf 377";"Sirenenstandort";"Dachsirene";"eingeschraenkt";"0";"0";"0";"Musterstrasse 17";"73728";"Esslingen am Neckar";"Oberdorf";"48.71778019071423";"9.290794369867891";"ja";"nein";"ja";"nein";"Gebaeudemanagement";"Kommunaler Bereitschaftsdienst";"2025-04-25";"mittel";"Regelbetrieb nach kommunalem Notfallplan"
"NK-0378";"Sirenenstandort Pliensauvorstadt 378";"Sirenenstandort";"Dachsirene";"eingeschraenkt";"0";"0";"0";"Musterstrasse 18";"73728";"Esslingen am Neckar";"Pliensauvorstadt";"48.69726821703514";"9.304808522082672";"ja";"nein";"nein";"nein";"Ordnungsamt";"Kommunaler Bereitschaftsdienst";"2026-03-14";"mittel";"Regelbetrieb nach kommunalem Notfallplan"
"NK-0379";"Sirenenstandort Zell 379";"Sirenenstandort";"Dachsirene";"ausser Betrieb";"0";"0";"0";"Musterstrasse 19";"73728";"Esslingen am Neckar";"Zell";"48.72044014179953";"9.31715078977231";"ja";"ja";"nein";"nein";"Stadtverwaltung";"Amt fuer Bevoelkerungsschutz";"2026-02-16";"hoch";"Zugang ueber Nordseite, Schluessel im Stabsraum hinterlegt"
"NK-0380";"Sirenenstandort Obertal 380";"Sirenenstandort";"Dachsirene";"geplant";"0";"0";"0";"Musterstrasse 20";"73728";"Esslingen am Neckar";"Obertal";"48.717851102842985";"9.346890294236216";"ja";"nein";"nein";"nein";"Feuerwehr";"Kommunaler Bereitschaftsdienst";"2025-08-23";"mittel";"Regelbetrieb nach kommunalem Notfallplan"
"NK-0381";"Sirenenstandort Sulzgries 381";"Sirenenstandort";"Dachsirene";"aktiv";"0";"0";"0";"Musterstrasse 21";"73728";"Esslingen am Neckar";"Sulzgries";"48.7422105851277";"9.346150783544328";"nein";"nein";"ja";"ja";"DRK";"Kommunaler Bereitschaftsdienst";"2025-10-02";"niedrig";"Regelbetrieb nach kommunalem Notfallplan"
"NK-0382";"Sirenenstandort Berkheim 382";"Sirenenstandort";"Dachsirene";"aktiv";"0";"0";"0";"Musterstrasse 22";"73728";"Esslingen am Neckar";"Berkheim";"48.7603002581187";"9.335860147516977";"ja";"ja";"nein";"nein";"Technisches Hilfswerk";"Amt fuer Bevoelkerungsschutz";"2025-08-07";"mittel";"Regelbetrieb nach kommunalem Notfallplan"
"NK-0383";"Sirenenstandort Waldacker 383";"Sirenenstandort";"Dachsirene";"aktiv";"0";"0";"0";"Musterstrasse 23";"73728";"Esslingen am Neckar";"Waldacker";"48.77697642233557";"9.324416748449886";"ja";"nein";"nein";"nein";"Gebaeudemanagement";"Kommunaler Bereitschaftsdienst";"2025-04-18";"mittel";"Regelbetrieb nach kommunalem Notfallplan"
"NK-0384";"Sirenenstandort Auenfeld 384";"Sirenenstandort";"Dachsirene";"ausser Betrieb";"0";"0";"0";"Musterstrasse 24";"73728";"Esslingen am Neckar";"Auenfeld";"48.77453555876179";"9.304264580607601";"ja";"nein";"nein";"nein";"Ordnungsamt";"Kommunaler Bereitschaftsdienst";"2026-03-24";"mittel";"Regelbetrieb nach kommunalem Notfallplan"
"NK-0385";"Sirenenstandort Mitte 385";"Sirenenstandort";"Dachsirene";"aktiv";"0";"0";"0";"Musterstrasse 25";"73728";"Esslingen am Neckar";"Mitte";"48.72117094238026";"9.292632122620592";"ja";"ja";"ja";"nein";"Stadtverwaltung";"Amt fuer Bevoelkerungsschutz";"2025-04-19";"mittel";"Regelbetrieb nach kommunalem Notfallplan"
"NK-0386";"Sirenenstandort Nord 386";"Sirenenstandort";"Dachsirene";"aktiv";"0";"0";"0";"Musterstrasse 26";"73728";"Esslingen am Neckar";"Nord";"48.7052747475358";"9.304634281964734";"nein";"nein";"nein";"ja";"Feuerwehr";"Kommunaler Bereitschaftsdienst";"2026-03-05";"hoch";"Regelbetrieb nach kommunalem Notfallplan"
"NK-0387";"Sirenenstandort Sued 387";"Sirenenstandort";"Dachsirene";"aktiv";"0";"0";"0";"Musterstrasse 27";"73728";"Esslingen am Neckar";"Sued";"48.72311554917293";"9.315492100439366";"ja";"nein";"nein";"nein";"DRK";"Kommunaler Bereitschaftsdienst";"2025-10-12";"mittel";"Regelbetrieb nach kommunalem Notfallplan"
"NK-0388";"Sirenenstandort Weststadt 388";"Sirenenstandort";"Dachsirene";"aktiv";"0";"0";"0";"Musterstrasse 28";"73728";"Esslingen am Neckar";"Weststadt";"48.730469398199865";"9.32452723636626";"ja";"ja";"nein";"nein";"Technisches Hilfswerk";"Amt fuer Bevoelkerungsschutz";"2026-05-10";"mittel";"Zugang ueber Nordseite, Schluessel im Stabsraum hinterlegt"
"NK-0389";"Sirenenstandort Oberdorf 389";"Sirenenstandort";"Dachsirene";"aktiv";"0";"0";"0";"Musterstrasse 29";"73728";"Esslingen am Neckar";"Oberdorf";"48.74207053703309";"9.350213867384987";"ja";"nein";"ja";"nein";"Gebaeudemanagement";"Kommunaler Bereitschaftsdienst";"2026-03-06";"mittel";"Regelbetrieb nach kommunalem Notfallplan"
"NK-0390";"Sirenenstandort Pliensauvorstadt 390";"Sirenenstandort";"Dachsirene";"aktiv";"0";"0";"0";"Musterstrasse 30";"73728";"Esslingen am Neckar";"Pliensauvorstadt";"48.752056562145036";"9.322003361411337";"ja";"nein";"nein";"nein";"Ordnungsamt";"Kommunaler Bereitschaftsdienst";"2025-08-18";"mittel";"Regelbetrieb nach kommunalem Notfallplan"
"NK-0391";"Sirenenstandort Zell 391";"Sirenenstandort";"Dachsirene";"aktiv";"0";"0";"0";"Musterstrasse 31";"73728";"Esslingen am Neckar";"Zell";"48.76089879338546";"9.315427376764973";"nein";"ja";"nein";"ja";"Stadtverwaltung";"Amt fuer Bevoelkerungsschutz";"2025-07-15";"niedrig";"Regelbetrieb nach kommunalem Notfallplan"
"NK-0392";"Sirenenstandort Obertal 392";"Sirenenstandort";"Dachsirene";"aktiv";"0";"0";"0";"Musterstrasse 32";"73728";"Esslingen am Neckar";"Obertal";"48.774425952954196";"9.304387232801657";"ja";"nein";"nein";"nein";"Feuerwehr";"Kommunaler Bereitschaftsdienst";"2025-11-18";"mittel";"Regelbetrieb nach kommunalem Notfallplan"
"NK-0393";"Sirenenstandort Sulzgries 393";"Sirenenstandort";"Dachsirene";"aktiv";"0";"0";"0";"Musterstrasse 33";"73728";"Esslingen am Neckar";"Sulzgries";"48.77461007001329";"9.285387376748462";"ja";"nein";"ja";"nein";"DRK";"Kommunaler Bereitschaftsdienst";"2025-04-23";"hoch";"Regelbetrieb nach kommunalem Notfallplan"
"NK-0394";"Sirenenstandort Berkheim 394";"Sirenenstandort";"Dachsirene";"aktiv";"0";"0";"0";"Musterstrasse 34";"73728";"Esslingen am Neckar";"Berkheim";"48.761271057559505";"9.27038706819772";"ja";"ja";"nein";"nein";"Technisches Hilfswerk";"Amt fuer Bevoelkerungsschutz";"2025-08-22";"mittel";"Regelbetrieb nach kommunalem Notfallplan"
"NK-0395";"Sirenenstandort Waldacker 395";"Sirenenstandort";"Dachsirene";"aktiv";"0";"0";"0";"Musterstrasse 35";"73728";"Esslingen am Neckar";"Waldacker";"48.741414743655575";"9.25266932958864";"ja";"nein";"nein";"nein";"Gebaeudemanagement";"Kommunaler Bereitschaftsdienst";"2025-04-19";"mittel";"Regelbetrieb nach kommunalem Notfallplan"
"NK-0396";"Sirenenstandort Auenfeld 396";"Sirenenstandort";"Dachsirene";"ausser Betrieb";"0";"0";"0";"Musterstrasse 36";"73728";"Esslingen am Neckar";"Auenfeld";"48.72296742484032";"9.2725726057161";"nein";"nein";"nein";"ja";"Ordnungsamt";"Kommunaler Bereitschaftsdienst";"2026-01-27";"niedrig";"Regelbetrieb nach kommunalem Notfallplan"
"NK-0397";"Sirenenstandort Mitte 397";"Sirenenstandort";"Dachsirene";"eingeschraenkt";"0";"0";"0";"Musterstrasse 37";"73728";"Esslingen am Neckar";"Mitte";"48.7419";"9.328786201296747";"ja";"ja";"ja";"nein";"Stadtverwaltung";"Amt fuer Bevoelkerungsschutz";"2026-01-28";"mittel";"Zugang ueber Nordseite, Schluessel im Stabsraum hinterlegt"
"NK-0398";"Sirenenstandort Nord 398";"Sirenenstandort";"Dachsirene";"eingeschraenkt";"0";"0";"0";"Musterstrasse 38";"73728";"Esslingen am Neckar";"Nord";"48.75109404028948";"9.320490243215476";"ja";"nein";"nein";"nein";"Feuerwehr";"Kommunaler Bereitschaftsdienst";"2025-08-25";"mittel";"Regelbetrieb nach kommunalem Notfallplan"
"NK-0399";"Sirenenstandort Sued 399";"Sirenenstandort";"Dachsirene";"ausser Betrieb";"0";"0";"0";"Musterstrasse 39";"73728";"Esslingen am Neckar";"Sued";"48.7573457500819";"9.313479169930227";"ja";"nein";"nein";"nein";"DRK";"Kommunaler Bereitschaftsdienst";"2025-07-06";"mittel";"Regelbetrieb nach kommunalem Notfallplan"
"NK-0400";"Sirenenstandort Weststadt 400";"Sirenenstandort";"Dachsirene";"geplant";"0";"0";"0";"Musterstrasse 40";"73728";"Esslingen am Neckar";"Weststadt";"48.7686122437112";"9.30452513411428";"ja";"ja";"nein";"nein";"Technisches Hilfswerk";"Amt fuer Bevoelkerungsschutz";"2025-07-12";"hoch";"Regelbetrieb nach kommunalem Notfallplan"
"NK-0401";"Sirenenstandort Oberdorf 401";"Sirenenstandort";"Dachsirene";"aktiv";"0";"0";"0";"Musterstrasse 41";"73728";"Esslingen am Neckar";"Oberdorf";"48.77029335003402";"9.288065314448046";"nein";"nein";"ja";"ja";"Gebaeudemanagement";"Kommunaler Bereitschaftsdienst";"2025-08-07";"niedrig";"Regelbetrieb nach kommunalem Notfallplan"
"NK-0402";"Sirenenstandort Pliensauvorstadt 402";"Sirenenstandort";"Dachsirene";"aktiv";"0";"0";"0";"Musterstrasse 42";"73728";"Esslingen am Neckar";"Pliensauvorstadt";"48.76423866169771";"9.265487508964146";"ja";"nein";"nein";"nein";"Ordnungsamt";"Kommunaler Bereitschaftsdienst";"2026-01-24";"mittel";"Regelbetrieb nach kommunalem Notfallplan"
"NK-0403";"Sirenenstandort Zell 403";"Sirenenstandort";"Dachsirene";"aktiv";"0";"0";"0";"Musterstrasse 43";"73728";"Esslingen am Neckar";"Zell";"48.74166230277769";"9.26219499673415";"ja";"ja";"nein";"nein";"Stadtverwaltung";"Amt fuer Bevoelkerungsschutz";"2026-05-10";"mittel";"Regelbetrieb nach kommunalem Notfallplan"
"NK-0404";"Sirenenstandort Obertal 404";"Sirenenstandort";"Dachsirene";"aktiv";"0";"0";"0";"Musterstrasse 44";"73728";"Esslingen am Neckar";"Obertal";"48.72100860724309";"9.26895541627667";"ja";"nein";"nein";"nein";"Feuerwehr";"Kommunaler Bereitschaftsdienst";"2025-06-30";"mittel";"Regelbetrieb nach kommunalem Notfallplan"
"NK-0405";"Sirenenstandort Sulzgries 405";"Sirenenstandort";"Dachsirene";"aktiv";"0";"0";"0";"Musterstrasse 45";"73728";"Esslingen am Neckar";"Sulzgries";"48.70423921879644";"9.283230224290875";"ja";"nein";"ja";"nein";"DRK";"Kommunaler Bereitschaftsdienst";"2025-10-13";"mittel";"Regelbetrieb nach kommunalem Notfallplan"
"NK-0406";"Sirenenstandort Berkheim 406";"Sirenenstandort";"Dachsirene";"aktiv";"0";"0";"0";"Musterstrasse 46";"73728";"Esslingen am Neckar";"Berkheim";"48.70307566211735";"9.304926443487124";"nein";"ja";"nein";"ja";"Technisches Hilfswerk";"Amt fuer Bevoelkerungsschutz";"2025-12-11";"niedrig";"Zugang ueber Nordseite, Schluessel im Stabsraum hinterlegt"
"NK-0407";"Sirenenstandort Waldacker 407";"Sirenenstandort";"Dachsirene";"aktiv";"0";"0";"0";"Musterstrasse 47";"73728";"Esslingen am Neckar";"Waldacker";"48.69690784347022";"9.331139726354563";"ja";"nein";"nein";"nein";"Gebaeudemanagement";"Kommunaler Bereitschaftsdienst";"2026-04-10";"hoch";"Regelbetrieb nach kommunalem Notfallplan"
"NK-0408";"Sirenenstandort Auenfeld 408";"Sirenenstandort";"Dachsirene";"ausser Betrieb";"0";"0";"0";"Musterstrasse 48";"73728";"Esslingen am Neckar";"Auenfeld";"48.725692087344044";"9.333351266484845";"ja";"nein";"nein";"nein";"Ordnungsamt";"Kommunaler Bereitschaftsdienst";"2026-03-21";"mittel";"Regelbetrieb nach kommunalem Notfallplan"
"NK-0409";"Sirenenstandort Mitte 409";"Sirenenstandort";"Dachsirene";"aktiv";"0";"0";"0";"Musterstrasse 49";"73728";"Esslingen am Neckar";"Mitte";"48.768746937462815";"9.289099881298254";"ja";"ja";"ja";"nein";"Stadtverwaltung";"Amt fuer Bevoelkerungsschutz";"2025-08-17";"mittel";"Regelbetrieb nach kommunalem Notfallplan"
"NK-0410";"Sirenenstandort Nord 410";"Sirenenstandort";"Dachsirene";"aktiv";"0";"0";"0";"Musterstrasse 50";"73728";"Esslingen am Neckar";"Nord";"48.74919908709155";"9.291930263860216";"ja";"nein";"nein";"nein";"Feuerwehr";"Kommunaler Bereitschaftsdienst";"2025-06-17";"mittel";"Regelbetrieb nach kommunalem Notfallplan"
"NK-0411";"Sirenenstandort Sued 411";"Sirenenstandort";"Dachsirene";"aktiv";"0";"0";"0";"Musterstrasse 51";"73728";"Esslingen am Neckar";"Sued";"48.74182569103016";"9.264848735665096";"nein";"nein";"nein";"ja";"DRK";"Kommunaler Bereitschaftsdienst";"2025-11-08";"niedrig";"Regelbetrieb nach kommunalem Notfallplan"
"NK-0412";"Sirenenstandort Weststadt 412";"Sirenenstandort";"Dachsirene";"aktiv";"0";"0";"0";"Musterstrasse 52";"73728";"Esslingen am Neckar";"Weststadt";"48.724688458643556";"9.27498081875684";"ja";"ja";"nein";"nein";"Technisches Hilfswerk";"Amt fuer Bevoelkerungsschutz";"2025-10-14";"mittel";"Regelbetrieb nach kommunalem Notfallplan"
"NK-0413";"Sirenenstandort Oberdorf 413";"Sirenenstandort";"Dachsirene";"aktiv";"0";"0";"0";"Musterstrasse 53";"73728";"Esslingen am Neckar";"Oberdorf";"48.701261996866904";"9.281339731483113";"ja";"nein";"ja";"nein";"Gebaeudemanagement";"Kommunaler Bereitschaftsdienst";"2025-10-21";"mittel";"Regelbetrieb nach kommunalem Notfallplan"
"NK-0414";"Sirenenstandort Pliensauvorstadt 414";"Sirenenstandort";"Dachsirene";"aktiv";"0";"0";"0";"Musterstrasse 54";"73728";"Esslingen am Neckar";"Pliensauvorstadt";"48.697339166709305";"9.30480819060199";"ja";"nein";"nein";"nein";"Ordnungsamt";"Kommunaler Bereitschaftsdienst";"2026-04-28";"hoch";"Regelbetrieb nach kommunalem Notfallplan"
"NK-0415";"Sirenenstandort Zell 415";"Sirenenstandort";"Dachsirene";"aktiv";"0";"0";"0";"Musterstrasse 55";"73728";"Esslingen am Neckar";"Zell";"48.70774824565248";"9.324573640327303";"ja";"ja";"nein";"nein";"Stadtverwaltung";"Amt fuer Bevoelkerungsschutz";"2025-08-27";"mittel";"Zugang ueber Nordseite, Schluessel im Stabsraum hinterlegt"
"NK-0416";"Sirenenstandort Obertal 416";"Sirenenstandort";"Dachsirene";"eingeschraenkt";"0";"0";"0";"Musterstrasse 56";"73728";"Esslingen am Neckar";"Obertal";"48.72964242912615";"9.3261550956658";"nein";"nein";"nein";"ja";"Feuerwehr";"Kommunaler Bereitschaftsdienst";"2026-02-13";"niedrig";"Regelbetrieb nach kommunalem Notfallplan"
"NK-0417";"Sirenenstandort Sulzgries 417";"Sirenenstandort";"Dachsirene";"eingeschraenkt";"0";"0";"0";"Musterstrasse 57";"73728";"Esslingen am Neckar";"Sulzgries";"48.742204180260906";"9.34529392592275";"ja";"nein";"ja";"nein";"DRK";"Kommunaler Bereitschaftsdienst";"2025-12-30";"mittel";"Regelbetrieb nach kommunalem Notfallplan"
"NK-0418";"Sirenenstandort Berkheim 418";"Sirenenstandort";"Dachsirene";"eingeschraenkt";"0";"0";"0";"Musterstrasse 58";"73728";"Esslingen am Neckar";"Berkheim";"48.764298158058274";"9.342652168643147";"ja";"ja";"nein";"nein";"Technisches Hilfswerk";"Amt fuer Bevoelkerungsschutz";"2025-06-25";"mittel";"Regelbetrieb nach kommunalem Notfallplan"
"NK-0419";"Sirenenstandort Waldacker 419";"Sirenenstandort";"Dachsirene";"ausser Betrieb";"0";"0";"0";"Musterstrasse 59";"73728";"Esslingen am Neckar";"Waldacker";"48.777701867161014";"9.324826595197726";"ja";"nein";"nein";"nein";"Gebaeudemanagement";"Kommunaler Bereitschaftsdienst";"2025-12-01";"mittel";"Regelbetrieb nach kommunalem Notfallplan"
"NK-0420";"Sirenenstandort Auenfeld 420";"Sirenenstandort";"Dachsirene";"ausser Betrieb";"0";"0";"0";"Musterstrasse 60";"73728";"Esslingen am Neckar";"Auenfeld";"48.78065878393431";"9.304201647765487";"ja";"nein";"nein";"nein";"Ordnungsamt";"Kommunaler Bereitschaftsdienst";"2025-05-06";"mittel";"Regelbetrieb nach kommunalem Notfallplan"
"NK-0421";"Sirenenstandort Mitte 421";"Sirenenstandort";"Dachsirene";"aktiv";"0";"0";"0";"Musterstrasse 61";"73728";"Esslingen am Neckar";"Mitte";"48.706522700887874";"9.284174991514071";"nein";"ja";"ja";"ja";"Stadtverwaltung";"Amt fuer Bevoelkerungsschutz";"2025-04-23";"hoch";"Regelbetrieb nach kommunalem Notfallplan"
"NK-0422";"Sirenenstandort Nord 422";"Sirenenstandort";"Dachsirene";"aktiv";"0";"0";"0";"Musterstrasse 62";"73728";"Esslingen am Neckar";"Nord";"48.71584446883625";"9.30462438849538";"ja";"nein";"nein";"nein";"Feuerwehr";"Kommunaler Bereitschaftsdienst";"2026-04-29";"mittel";"Regelbetrieb nach kommunalem Notfallplan"
"NK-0423";"Sirenenstandort Sued 423";"Sirenenstandort";"Dachsirene";"aktiv";"0";"0";"0";"Musterstrasse 63";"73728";"Esslingen am Neckar";"Sued";"48.713383345447674";"9.321135285936123";"ja";"nein";"nein";"nein";"DRK";"Kommunaler Bereitschaftsdienst";"2025-12-17";"mittel";"Regelbetrieb nach kommunalem Notfallplan"
"NK-0424";"Sirenenstandort Weststadt 424";"Sirenenstandort";"Dachsirene";"aktiv";"0";"0";"0";"Musterstrasse 64";"73728";"Esslingen am Neckar";"Weststadt";"48.72425612154446";"9.335358987369936";"ja";"ja";"nein";"nein";"Technisches Hilfswerk";"Amt fuer Bevoelkerungsschutz";"2025-05-09";"mittel";"Zugang ueber Nordseite, Schluessel im Stabsraum hinterlegt"
"NK-0425";"Sirenenstandort Oberdorf 425";"Sirenenstandort";"Dachsirene";"aktiv";"0";"0";"0";"Musterstrasse 65";"73728";"Esslingen am Neckar";"Oberdorf";"48.74207610316678";"9.351702651843166";"ja";"nein";"ja";"nein";"Gebaeudemanagement";"Kommunaler Bereitschaftsdienst";"2025-10-16";"mittel";"Regelbetrieb nach kommunalem Notfallplan"
"NK-0426";"Sirenenstandort Pliensauvorstadt 426";"Sirenenstandort";"Dachsirene";"aktiv";"0";"0";"0";"Musterstrasse 66";"73728";"Esslingen am Neckar";"Pliensauvorstadt";"48.75189108562706";"9.321719815895998";"nein";"nein";"nein";"ja";"Ordnungsamt";"Kommunaler Bereitschaftsdienst";"2025-11-27";"niedrig";"Regelbetrieb nach kommunalem Notfallplan"
"NK-0427";"Sirenenstandort Zell 427";"Sirenenstandort";"Dachsirene";"aktiv";"0";"0";"0";"Musterstrasse 67";"73728";"Esslingen am Neckar";"Zell";"48.78446731498719";"9.328859033081146";"ja";"ja";"nein";"nein";"Stadtverwaltung";"Amt fuer Bevoelkerungsschutz";"2025-06-28";"mittel";"Regelbetrieb nach kommunalem Notfallplan"
"NK-0428";"Sirenenstandort Obertal 428";"Sirenenstandort";"Dachsirene";"aktiv";"0";"0";"0";"Musterstrasse 68";"73728";"Esslingen am Neckar";"Obertal";"48.78604040674595";"9.304311257324567";"ja";"nein";"nein";"nein";"Feuerwehr";"Kommunaler Bereitschaftsdienst";"2025-10-10";"hoch";"Regelbetrieb nach kommunalem Notfallplan"
"NK-0429";"Sirenenstandort Sulzgries 429";"Sirenenstandort";"Dachsirene";"aktiv";"0";"0";"0";"Musterstrasse 69";"73728";"Esslingen am Neckar";"Sulzgries";"48.78717465970227";"9.278007425317401";"ja";"nein";"ja";"nein";"DRK";"Kommunaler Bereitschaftsdienst";"2026-05-17";"mittel";"Regelbetrieb nach kommunalem Notfallplan"
"NK-0430";"Sirenenstandort Berkheim 430";"Sirenenstandort";"Dachsirene";"aktiv";"0";"0";"0";"Musterstrasse 70";"73728";"Esslingen am Neckar";"Berkheim";"48.761647368457155";"9.26972243235953";"ja";"ja";"nein";"nein";"Technisches Hilfswerk";"Amt fuer Bevoelkerungsschutz";"2025-06-09";"mittel";"Regelbetrieb nach kommunalem Notfallplan"
"NK-0431";"Feuerwehrhaus Waldacker 431";"Feuerwehrhaus";"Freiwillige Feuerwehr";"aktiv";"0";"0";"0";"Musterstrasse 71";"73728";"Esslingen am Neckar";"Waldacker";"48.741384831238946";"9.249468192979112";"nein";"ja";"nein";"ja";"Gebaeudemanagement";"Kommunaler Bereitschaftsdienst";"2025-07-22";"niedrig";"Regelbetrieb nach kommunalem Notfallplan"
"NK-0432";"Feuerwehrhaus Auenfeld 432";"Feuerwehrhaus";"Freiwillige Feuerwehr";"ausser Betrieb";"0";"0";"0";"Musterstrasse 72";"73728";"Esslingen am Neckar";"Auenfeld";"48.72299524418751";"9.272619666466866";"ja";"ja";"nein";"nein";"Ordnungsamt";"Kommunaler Bereitschaftsdienst";"2026-03-14";"mittel";"Regelbetrieb nach kommunalem Notfallplan"
"NK-0433";"Feuerwehrhaus Mitte 433";"Feuerwehrhaus";"Freiwillige Feuerwehr";"aktiv";"0";"0";"0";"Musterstrasse 73";"73728";"Esslingen am Neckar";"Mitte";"48.7419";"9.341216619847716";"ja";"nein";"ja";"nein";"Stadtverwaltung";"Amt fuer Bevoelkerungsschutz";"2025-09-04";"mittel";"Zugang ueber Nordseite, Schluessel im Stabsraum hinterlegt"
"NK-0434";"Feuerwehrhaus Nord 434";"Feuerwehrhaus";"Freiwillige Feuerwehr";"aktiv";"0";"0";"0";"Musterstrasse 74";"73728";"Esslingen am Neckar";"Nord";"48.763076992411705";"9.341200618378771";"ja";"ja";"nein";"nein";"Feuerwehr";"Kommunaler Bereitschaftsdienst";"2025-12-28";"mittel";"Regelbetrieb nach kommunalem Notfallplan"
"NK-0435";"Feuerwehrhaus Sued 435";"Feuerwehrhaus";"Freiwillige Feuerwehr";"aktiv";"0";"0";"0";"Musterstrasse 75";"73728";"Esslingen am Neckar";"Sued";"48.76928465300586";"9.320342387791461";"ja";"ja";"nein";"nein";"DRK";"Kommunaler Bereitschaftsdienst";"2025-09-17";"hoch";"Regelbetrieb nach kommunalem Notfallplan"
"NK-0436";"Feuerwehrhaus Weststadt 436";"Feuerwehrhaus";"Freiwillige Feuerwehr";"eingeschraenkt";"0";"0";"0";"Musterstrasse 76";"73728";"Esslingen am Neckar";"Weststadt";"48.78859326537771";"9.304469133693617";"nein";"ja";"nein";"ja";"Technisches Hilfswerk";"Amt fuer Bevoelkerungsschutz";"2026-05-05";"niedrig";"Regelbetrieb nach kommunalem Notfallplan"
"NK-0437";"Feuerwehrhaus Oberdorf 437";"Feuerwehrhaus";"Freiwillige Feuerwehr";"eingeschraenkt";"0";"0";"0";"Musterstrasse 77";"73728";"Esslingen am Neckar";"Oberdorf";"48.76328959564578";"9.292143905961685";"ja";"nein";"ja";"nein";"Gebaeudemanagement";"Kommunaler Bereitschaftsdienst";"2025-07-29";"mittel";"Regelbetrieb nach kommunalem Notfallplan"
"NK-0438";"Feuerwehrhaus Pliensauvorstadt 438";"Feuerwehrhaus";"Freiwillige Feuerwehr";"eingeschraenkt";"0";"0";"0";"Musterstrasse 78";"73728";"Esslingen am Neckar";"Pliensauvorstadt";"48.75404451130563";"9.283336322882542";"ja";"ja";"nein";"nein";"Ordnungsamt";"Kommunaler Bereitschaftsdienst";"2025-08-14";"mittel";"Regelbetrieb nach kommunalem Notfallplan"
"NK-0439";"Feuerwehrhaus Zell 439";"Feuerwehrhaus";"Freiwillige Feuerwehr";"ausser Betrieb";"0";"0";"0";"Musterstrasse 79";"73728";"Esslingen am Neckar";"Zell";"48.74175928725896";"9.279496954262477";"ja";"ja";"nein";"nein";"Stadtverwaltung";"Amt fuer Bevoelkerungsschutz";"2025-05-25";"mittel";"Regelbetrieb nach kommunalem Notfallplan"
"NK-0440";"Feuerwehrhaus Obertal 440";"Feuerwehrhaus";"Freiwillige Feuerwehr";"geplant";"0";"0";"0";"Musterstrasse 80";"73728";"Esslingen am Neckar";"Obertal";"48.71985245209132";"9.266982801545609";"ja";"ja";"nein";"nein";"Feuerwehr";"Kommunaler Bereitschaftsdienst";"2025-04-03";"mittel";"Regelbetrieb nach kommunalem Notfallplan"
"NK-0441";"Feuerwehrhaus Sulzgries 441";"Feuerwehrhaus";"Freiwillige Feuerwehr";"aktiv";"0";"0";"0";"Musterstrasse 81";"73728";"Esslingen am Neckar";"Sulzgries";"48.696969413468835";"9.279105134360845";"nein";"nein";"ja";"ja";"DRK";"Kommunaler Bereitschaftsdienst";"2025-03-25";"niedrig";"Regelbetrieb nach kommunalem Notfallplan"
"NK-0442";"Feuerwehrhaus Berkheim 442";"Feuerwehrhaus";"Freiwillige Feuerwehr";"aktiv";"0";"0";"0";"Musterstrasse 82";"73728";"Esslingen am Neckar";"Berkheim";"48.692412631653475";"9.305016100569196";"ja";"ja";"nein";"nein";"Technisches Hilfswerk";"Amt fuer Bevoelkerungsschutz";"2025-11-04";"hoch";"Zugang ueber Nordseite, Schluessel im Stabsraum hinterlegt"
"NK-0443";"Feuerwehrhaus Waldacker 443";"Feuerwehrhaus";"Freiwillige Feuerwehr";"aktiv";"0";"0";"0";"Musterstrasse 83";"73728";"Esslingen am Neckar";"Waldacker";"48.70603320138615";"9.325756910311595";"ja";"ja";"nein";"nein";"Gebaeudemanagement";"Kommunaler Bereitschaftsdienst";"2026-02-14";"mittel";"Regelbetrieb nach kommunalem Notfallplan"
"NK-0444";"Feuerwehrhaus Auenfeld 444";"Feuerwehrhaus";"Freiwillige Feuerwehr";"ausser Betrieb";"0";"0";"0";"Musterstrasse 84";"73728";"Esslingen am Neckar";"Auenfeld";"48.714157559231104";"9.353812401647124";"ja";"ja";"nein";"nein";"Ordnungsamt";"Kommunaler Bereitschaftsdienst";"2025-05-10";"mittel";"Regelbetrieb nach kommunalem Notfallplan"
"NK-0445";"Feuerwehrhaus Mitte 445";"Feuerwehrhaus";"Freiwillige Feuerwehr";"aktiv";"0";"0";"0";"Musterstrasse 85";"73728";"Esslingen am Neckar";"Mitte";"48.77028472489245";"9.288212037471359";"ja";"nein";"ja";"nein";"Stadtverwaltung";"Amt fuer Bevoelkerungsschutz";"2026-04-06";"mittel";"Regelbetrieb nach kommunalem Notfallplan"
"NK-0446";"Feuerwehrhaus Nord 446";"Feuerwehrhaus";"Freiwillige Feuerwehr";"aktiv";"0";"0";"0";"Musterstrasse 86";"73728";"Esslingen am Neckar";"Nord";"48.75718118416784";"9.278074960788684";"nein";"ja";"nein";"ja";"Feuerwehr";"Kommunaler Bereitschaftsdienst";"2025-10-02";"niedrig";"Regelbetrieb nach kommunalem Notfallplan"
"NK-0447";"Feuerwehrhaus Sued 447";"Feuerwehrhaus";"Freiwillige Feuerwehr";"aktiv";"0";"0";"0";"Musterstrasse 87";"73728";"Esslingen am Neckar";"Sued";"48.7418277845923";"9.265968677744306";"ja";"ja";"nein";"nein";"DRK";"Kommunaler Bereitschaftsdienst";"2025-03-28";"mittel";"Regelbetrieb nach kommunalem Notfallplan"
"NK-0448";"Feuerwehrhaus Weststadt 448";"Feuerwehrhaus";"Freiwillige Feuerwehr";"aktiv";"0";"0";"0";"Musterstrasse 88";"73728";"Esslingen am Neckar";"Weststadt";"48.73057876441377";"9.285117391105157";"ja";"ja";"nein";"nein";"Technisches Hilfswerk";"Amt fuer Bevoelkerungsschutz";"2026-04-27";"mittel";"Regelbetrieb nach kommunalem Notfallplan"
"NK-0449";"Feuerwehrhaus Oberdorf 449";"Feuerwehrhaus";"Freiwillige Feuerwehr";"aktiv";"0";"0";"0";"Musterstrasse 89";"73728";"Esslingen am Neckar";"Oberdorf";"48.72325080679946";"9.293925626063684";"ja";"nein";"ja";"nein";"Gebaeudemanagement";"Kommunaler Bereitschaftsdienst";"2026-01-15";"hoch";"Regelbetrieb nach kommunalem Notfallplan"
"NK-0450";"Feuerwehrhaus Pliensauvorstadt 450";"Feuerwehrhaus";"Freiwillige Feuerwehr";"aktiv";"0";"0";"0";"Musterstrasse 90";"73728";"Esslingen am Neckar";"Pliensauvorstadt";"48.69444324317001";"9.304821720512013";"ja";"ja";"nein";"nein";"Ordnungsamt";"Kommunaler Bereitschaftsdienst";"2025-06-24";"mittel";"Regelbetrieb nach kommunalem Notfallplan"
"NK-0451";"Feuerwehrhaus Zell 451";"Feuerwehrhaus";"Freiwillige Feuerwehr";"aktiv";"0";"0";"0";"Musterstrasse 91";"73728";"Esslingen am Neckar";"Zell";"48.701126784974356";"9.328446199045093";"nein";"ja";"nein";"ja";"Stadtverwaltung";"Amt fuer Bevoelkerungsschutz";"2025-06-13";"niedrig";"Zugang ueber Nordseite, Schluessel im Stabsraum hinterlegt"
"NK-0452";"Feuerwehrhaus Obertal 452";"Feuerwehrhaus";"Freiwillige Feuerwehr";"aktiv";"0";"0";"0";"Musterstrasse 92";"73728";"Esslingen am Neckar";"Obertal";"48.72202876999777";"9.339543812938418";"ja";"ja";"nein";"nein";"Feuerwehr";"Kommunaler Bereitschaftsdienst";"2026-02-10";"mittel";"Regelbetrieb nach kommunalem Notfallplan"
"NK-0453";"Feuerwehrhaus Sulzgries 453";"Feuerwehrhaus";"Freiwillige Feuerwehr";"aktiv";"0";"0";"0";"Musterstrasse 93";"73728";"Esslingen am Neckar";"Sulzgries";"48.742279701320896";"9.35539730479301";"ja";"nein";"ja";"nein";"DRK";"Kommunaler Bereitschaftsdienst";"2025-07-31";"mittel";"Regelbetrieb nach kommunalem Notfallplan"
"NK-0454";"Feuerwehrhaus Berkheim 454";"Feuerwehrhaus";"Freiwillige Feuerwehr";"aktiv";"0";"0";"0";"Musterstrasse 94";"73728";"Esslingen am Neckar";"Berkheim";"48.76121103517089";"9.337407464126498";"ja";"ja";"nein";"nein";"Technisches Hilfswerk";"Amt fuer Bevoelkerungsschutz";"2025-04-27";"mittel";"Regelbetrieb nach kommunalem Notfallplan"
"NK-0455";"Feuerwehrhaus Waldacker 455";"Feuerwehrhaus";"Freiwillige Feuerwehr";"aktiv";"0";"0";"0";"Musterstrasse 95";"73728";"Esslingen am Neckar";"Waldacker";"48.77586369446635";"9.323788102572989";"ja";"ja";"nein";"nein";"Gebaeudemanagement";"Kommunaler Bereitschaftsdienst";"2025-07-25";"mittel";"Regelbetrieb nach kommunalem Notfallplan"
"NK-0456";"Feuerwehrhaus Auenfeld 456";"Feuerwehrhaus";"Freiwillige Feuerwehr";"ausser Betrieb";"0";"0";"0";"Musterstrasse 96";"73728";"Esslingen am Neckar";"Auenfeld";"48.772339612770665";"9.304287149942953";"nein";"ja";"nein";"ja";"Ordnungsamt";"Kommunaler Bereitschaftsdienst";"2025-08-23";"hoch";"Regelbetrieb nach kommunalem Notfallplan"
"NK-0457";"Feuerwehrhaus Mitte 457";"Feuerwehrhaus";"Freiwillige Feuerwehr";"eingeschraenkt";"0";"0";"0";"Musterstrasse 97";"73728";"Esslingen am Neckar";"Mitte";"48.705018219898406";"9.28330638261096";"ja";"nein";"ja";"nein";"Stadtverwaltung";"Amt fuer Bevoelkerungsschutz";"2025-08-03";"mittel";"Regelbetrieb nach kommunalem Notfallplan"
"NK-0458";"Feuerwehrhaus Nord 458";"Feuerwehrhaus";"Freiwillige Feuerwehr";"eingeschraenkt";"0";"0";"0";"Musterstrasse 98";"73728";"Esslingen am Neckar";"Nord";"48.71920400156856";"9.304621243905926";"ja";"ja";"nein";"nein";"Feuerwehr";"Kommunaler Bereitschaftsdienst";"2026-03-14";"mittel";"Regelbetrieb nach kommunalem Notfallplan"
"NK-0459";"Feuerwehrhaus Sued 459";"Feuerwehrhaus";"Freiwillige Feuerwehr";"ausser Betrieb";"0";"0";"0";"Musterstrasse 99";"73728";"Esslingen am Neckar";"Sued";"48.72444965026834";"9.314718526420021";"ja";"ja";"nein";"nein";"DRK";"Kommunaler Bereitschaftsdienst";"2025-11-04";"mittel";"Regelbetrieb nach kommunalem Notfallplan"
"NK-0460";"Feuerwehrhaus Weststadt 460";"Feuerwehrhaus";"Freiwillige Feuerwehr";"geplant";"0";"0";"0";"Musterstrasse 100";"73728";"Esslingen am Neckar";"Weststadt";"48.72923778107773";"9.326674343398293";"ja";"ja";"nein";"nein";"Technisches Hilfswerk";"Amt fuer Bevoelkerungsschutz";"2025-08-18";"mittel";"Zugang ueber Nordseite, Schluessel im Stabsraum hinterlegt"
"NK-0461";"Feuerwehrhaus Oberdorf 461";"Feuerwehrhaus";"Freiwillige Feuerwehr";"aktiv";"0";"0";"0";"Musterstrasse 101";"73728";"Esslingen am Neckar";"Oberdorf";"48.742045332944556";"9.343472481475807";"nein";"nein";"ja";"ja";"Gebaeudemanagement";"Kommunaler Bereitschaftsdienst";"2025-07-30";"niedrig";"Regelbetrieb nach kommunalem Notfallplan"
"NK-0462";"Feuerwehrhaus Pliensauvorstadt 462";"Feuerwehrhaus";"Freiwillige Feuerwehr";"aktiv";"0";"0";"0";"Musterstrasse 102";"73728";"Esslingen am Neckar";"Pliensauvorstadt";"48.754780768793296";"9.326671314226658";"ja";"ja";"nein";"nein";"Ordnungsamt";"Kommunaler Bereitschaftsdienst";"2025-10-07";"mittel";"Regelbetrieb nach kommunalem Notfallplan"
"NK-0463";"Feuerwehrhaus Zell 463";"Feuerwehrhaus";"Freiwillige Feuerwehr";"aktiv";"0";"0";"0";"Musterstrasse 103";"73728";"Esslingen am Neckar";"Zell";"48.76957972930298";"9.320374625884678";"ja";"ja";"nein";"nein";"Stadtverwaltung";"Amt fuer Bevoelkerungsschutz";"2026-01-29";"hoch";"Regelbetrieb nach kommunalem Notfallplan"
"NK-0464";"Feuerwehrhaus Obertal 464";"Feuerwehrhaus";"Freiwillige Feuerwehr";"aktiv";"0";"0";"0";"Musterstrasse 104";"73728";"Esslingen am Neckar";"Obertal";"48.76930520348632";"9.304420729976028";"ja";"ja";"nein";"nein";"Feuerwehr";"Kommunaler Bereitschaftsdienst";"2025-12-11";"mittel";"Regelbetrieb nach kommunalem Notfallplan"
"NK-0465";"Feuerwehrhaus Sulzgries 465";"Feuerwehrhaus";"Freiwillige Feuerwehr";"aktiv";"0";"0";"0";"Musterstrasse 105";"73728";"Esslingen am Neckar";"Sulzgries";"48.78456104086694";"9.279542563395244";"ja";"nein";"ja";"nein";"DRK";"Kommunaler Bereitschaftsdienst";"2026-02-04";"mittel";"Regelbetrieb nach kommunalem Notfallplan"
"NK-0466";"Feuerwehrhaus Berkheim 466";"Feuerwehrhaus";"Freiwillige Feuerwehr";"aktiv";"0";"0";"0";"Musterstrasse 106";"73728";"Esslingen am Neckar";"Berkheim";"48.76406778542519";"9.265447520656526";"nein";"ja";"nein";"ja";"Technisches Hilfswerk";"Amt fuer Bevoelkerungsschutz";"2026-03-13";"niedrig";"Regelbetrieb nach kommunalem Notfallplan"
"NK-0467";"Feuerwehrhaus Waldacker 467";"Feuerwehrhaus";"Freiwillige Feuerwehr";"aktiv";"0";"0";"0";"Musterstrasse 107";"73728";"Esslingen am Neckar";"Waldacker";"48.74138803251634";"9.249810784030625";"ja";"ja";"nein";"nein";"Gebaeudemanagement";"Kommunaler Bereitschaftsdienst";"2025-08-15";"mittel";"Regelbetrieb nach kommunalem Notfallplan"
"NK-0468";"Feuerwehrhaus Auenfeld 468";"Feuerwehrhaus";"Freiwillige Feuerwehr";"ausser Betrieb";"0";"0";"0";"Musterstrasse 108";"73728";"Esslingen am Neckar";"Auenfeld";"48.7196816391026";"9.267014188307652";"ja";"ja";"nein";"nein";"Ordnungsamt";"Kommunaler Bereitschaftsdienst";"2026-05-09";"mittel";"Regelbetrieb nach kommunalem Notfallplan"
"NK-0469";"Feuerwehrhaus Mitte 469";"Feuerwehrhaus";"Freiwillige Feuerwehr";"aktiv";"0";"0";"0";"Musterstrasse 109";"73728";"Esslingen am Neckar";"Mitte";"48.7419";"9.335881262718141";"ja";"nein";"ja";"nein";"Stadtverwaltung";"Amt fuer Bevoelkerungsschutz";"2025-12-20";"mittel";"Zugang ueber Nordseite, Schluessel im Stabsraum hinterlegt"
"NK-0470";"Feuerwehrhaus Nord 470";"Feuerwehrhaus";"Freiwillige Feuerwehr";"aktiv";"0";"0";"0";"Musterstrasse 110";"73728";"Esslingen am Neckar";"Nord";"48.76355891043505";"9.3420335269108";"ja";"ja";"nein";"nein";"Feuerwehr";"Kommunaler Bereitschaftsdienst";"2026-02-10";"hoch";"Regelbetrieb nach kommunalem Notfallplan"
"NK-0471";"Mobile Versorgungsstelle Sued 471";"Mobile Versorgungsstelle";"Temporärer Standort";"aktiv";"316";"262";"17";"Musterstrasse 111";"73728";"Esslingen am Neckar";"Sued";"48.780295401768775";"9.326672045387014";"nein";"nein";"ja";"ja";"DRK";"Kommunaler Bereitschaftsdienst";"2026-04-15";"niedrig";"Regelbetrieb nach kommunalem Notfallplan"
"NK-0472";"Mobile Versorgungsstelle Weststadt 472";"Mobile Versorgungsstelle";"Temporärer Standort";"aktiv";"104";"41";"61";"Musterstrasse 112";"73728";"Esslingen am Neckar";"Weststadt";"48.757715221018785";"9.30455567498776";"ja";"ja";"ja";"ja";"Technisches Hilfswerk";"Amt fuer Bevoelkerungsschutz";"2025-05-16";"mittel";"Regelbetrieb nach kommunalem Notfallplan"
"NK-0473";"Mobile Versorgungsstelle Oberdorf 473";"Mobile Versorgungsstelle";"Temporärer Standort";"aktiv";"187";"104";"44";"Musterstrasse 113";"73728";"Esslingen am Neckar";"Oberdorf";"48.77408165602331";"9.285859218716736";"ja";"nein";"ja";"ja";"Gebaeudemanagement";"Kommunaler Bereitschaftsdienst";"2026-01-08";"mittel";"Regelbetrieb nach kommunalem Notfallplan"
"NK-0474";"Mobile Versorgungsstelle Pliensauvorstadt 474";"Mobile Versorgungsstelle";"Temporärer Standort";"aktiv";"117";"38";"68";"Musterstrasse 114";"73728";"Esslingen am Neckar";"Pliensauvorstadt";"48.75321095299359";"9.284795789991579";"ja";"nein";"ja";"ja";"Ordnungsamt";"Kommunaler Bereitschaftsdienst";"2025-06-21";"mittel";"Regelbetrieb nach kommunalem Notfallplan"
"NK-0475";"Mobile Versorgungsstelle Zell 475";"Mobile Versorgungsstelle";"Temporärer Standort";"aktiv";"81";"12";"85";"Musterstrasse 115";"73728";"Esslingen am Neckar";"Zell";"48.74173448493427";"9.275072238444578";"ja";"ja";"ja";"ja";"Stadtverwaltung";"Amt fuer Bevoelkerungsschutz";"2025-09-25";"mittel";"Regelbetrieb nach kommunalem Notfallplan"
"NK-0476";"Mobile Versorgungsstelle Obertal 476";"Mobile Versorgungsstelle";"Temporärer Standort";"eingeschraenkt";"160";"28";"83";"Musterstrasse 116";"73728";"Esslingen am Neckar";"Obertal";"48.717672162295486";"9.263262823510972";"nein";"nein";"ja";"ja";"Feuerwehr";"Kommunaler Bereitschaftsdienst";"2025-07-23";"niedrig";"Regelbetrieb nach kommunalem Notfallplan"
"NK-0477";"Mobile Versorgungsstelle Sulzgries 477";"Mobile Versorgungsstelle";"Temporärer Standort";"eingeschraenkt";"40";"18";"55";"Musterstrasse 117";"73728";"Esslingen am Neckar";"Sulzgries";"48.69670166471483";"9.278953206263855";"ja";"nein";"ja";"ja";"DRK";"Kommunaler Bereitschaftsdienst";"2025-12-11";"hoch";"Regelbetrieb nach kommunalem Notfallplan"
"NK-0478";"Mobile Versorgungsstelle Berkheim 478";"Mobile Versorgungsstelle";"Temporärer Standort";"eingeschraenkt";"257";"130";"49";"Musterstrasse 118";"73728";"Esslingen am Neckar";"Berkheim";"48.70492954780113";"9.3049108556126";"ja";"ja";"ja";"ja";"Technisches Hilfswerk";"Amt fuer Bevoelkerungsschutz";"2025-07-27";"mittel";"Zugang ueber Nordseite, Schluessel im Stabsraum hinterlegt"
"NK-0479";"Mobile Versorgungsstelle Waldacker 479";"Mobile Versorgungsstelle";"Temporärer Standort";"ausser Betrieb";"98";"0";"100";"Musterstrasse 119";"73728";"Esslingen am Neckar";"Waldacker";"48.709032592751186";"9.323987645795333";"ja";"nein";"ja";"ja";"Gebaeudemanagement";"Kommunaler Bereitschaftsdienst";"2026-05-18";"mittel";"Regelbetrieb nach kommunalem Notfallplan"
"NK-0480";"Mobile Versorgungsstelle Auenfeld 480";"Mobile Versorgungsstelle";"Temporärer Standort";"ausser Betrieb";"166";"0";"100";"Musterstrasse 120";"73728";"Esslingen am Neckar";"Auenfeld";"48.71885903448931";"9.345472440117842";"ja";"nein";"ja";"ja";"Ordnungsamt";"Kommunaler Bereitschaftsdienst";"2025-12-19";"mittel";"Regelbetrieb nach kommunalem Notfallplan"
"NK-0481";"Mobile Versorgungsstelle Mitte 481";"Mobile Versorgungsstelle";"Temporärer Standort";"aktiv";"100";"22";"78";"Musterstrasse 1";"73728";"Esslingen am Neckar";"Mitte";"48.77731646542056";"9.284152251768926";"nein";"ja";"ja";"ja";"Stadtverwaltung";"Amt fuer Bevoelkerungsschutz";"2025-09-01";"niedrig";"Regelbetrieb nach kommunalem Notfallplan"
"NK-0482";"Mobile Versorgungsstelle Nord 482";"Mobile Versorgungsstelle";"Temporärer Standort";"aktiv";"290";"196";"32";"Musterstrasse 2";"73728";"Esslingen am Neckar";"Nord";"48.752091177787534";"9.286910180451027";"ja";"nein";"ja";"ja";"Feuerwehr";"Kommunaler Bereitschaftsdienst";"2025-05-08";"mittel";"Regelbetrieb nach kommunalem Notfallplan"
"NK-0483";"Mobile Versorgungsstelle Sued 483";"Mobile Versorgungsstelle";"Temporärer Standort";"aktiv";"37";"30";"19";"Musterstrasse 3";"73728";"Esslingen am Neckar";"Sued";"48.741831914473266";"9.268177939831558";"ja";"nein";"ja";"ja";"DRK";"Kommunaler Bereitschaftsdienst";"2026-03-18";"mittel";"Regelbetrieb nach kommunalem Notfallplan"
"NK-0484";"Mobile Versorgungsstelle Weststadt 484";"Mobile Versorgungsstelle";"Temporärer Standort";"aktiv";"342";"255";"25";"Musterstrasse 4";"73728";"Esslingen am Neckar";"Weststadt";"48.733878636961975";"9.290796111044324";"ja";"ja";"ja";"ja";"Technisches Hilfswerk";"Amt fuer Bevoelkerungsschutz";"2025-06-19";"hoch";"Regelbetrieb nach kommunalem Notfallplan"
"NK-0485";"Mobile Versorgungsstelle Oberdorf 485";"Mobile Versorgungsstelle";"Temporärer Standort";"aktiv";"316";"196";"38";"Musterstrasse 5";"73728";"Esslingen am Neckar";"Oberdorf";"48.71772880845481";"9.290764959831494";"ja";"nein";"ja";"ja";"Gebaeudemanagement";"Kommunaler Bereitschaftsdienst";"2026-03-11";"mittel";"Regelbetrieb nach kommunalem Notfallplan"
"NK-0486";"Mobile Versorgungsstelle Pliensauvorstadt 486";"Mobile Versorgungsstelle";"Temporärer Standort";"aktiv";"262";"169";"35";"Musterstrasse 6";"73728";"Esslingen am Neckar";"Pliensauvorstadt";"48.70868049309995";"9.304755203317098";"nein";"nein";"ja";"ja";"Ordnungsamt";"Kommunaler Bereitschaftsdienst";"2025-12-22";"niedrig";"Regelbetrieb nach kommunalem Notfallplan"
"NK-0487";"Mobile Versorgungsstelle Zell 487";"Mobile Versorgungsstelle";"Temporärer Standort";"aktiv";"78";"65";"17";"Musterstrasse 7";"73728";"Esslingen am Neckar";"Zell";"48.70809475426377";"9.324370984899952";"ja";"ja";"ja";"ja";"Stadtverwaltung";"Amt fuer Bevoelkerungsschutz";"2026-01-19";"mittel";"Zugang ueber Nordseite, Schluessel im Stabsraum hinterlegt"
"NK-0488";"Mobile Versorgungsstelle Obertal 488";"Mobile Versorgungsstelle";"Temporärer Standort";"aktiv";"297";"121";"59";"Musterstrasse 8";"73728";"Esslingen am Neckar";"Obertal";"48.728129561794375";"9.328815492281217";"ja";"nein";"ja";"ja";"Feuerwehr";"Kommunaler Bereitschaftsdienst";"2025-05-16";"mittel";"Regelbetrieb nach kommunalem Notfallplan"
"NK-0489";"Mobile Versorgungsstelle Sulzgries 489";"Mobile Versorgungsstelle";"Temporärer Standort";"aktiv";"347";"196";"44";"Musterstrasse 9";"73728";"Esslingen am Neckar";"Sulzgries";"48.74215224625947";"9.338346077298452";"ja";"nein";"ja";"ja";"DRK";"Kommunaler Bereitschaftsdienst";"2025-10-26";"mittel";"Regelbetrieb nach kommunalem Notfallplan"
"NK-0490";"Mobile Versorgungsstelle Berkheim 490";"Mobile Versorgungsstelle";"Temporärer Standort";"aktiv";"211";"82";"61";"Musterstrasse 10";"73728";"Esslingen am Neckar";"Berkheim";"48.76485069971979";"9.343590880140392";"ja";"ja";"ja";"ja";"Technisches Hilfswerk";"Amt fuer Bevoelkerungsschutz";"2026-02-24";"mittel";"Regelbetrieb nach kommunalem Notfallplan"
"NK-0491";"Mobile Versorgungsstelle Waldacker 491";"Mobile Versorgungsstelle";"Temporärer Standort";"aktiv";"238";"110";"54";"Musterstrasse 11";"73728";"Esslingen am Neckar";"Waldacker";"48.790191216081446";"9.331882568109991";"nein";"nein";"ja";"ja";"Gebaeudemanagement";"Kommunaler Bereitschaftsdienst";"2025-10-16";"hoch";"Regelbetrieb nach kommunalem Notfallplan"
"NK-0492";"Mobile Versorgungsstelle Auenfeld 492";"Mobile Versorgungsstelle";"Temporärer Standort";"ausser Betrieb";"335";"0";"100";"Musterstrasse 12";"73728";"Esslingen am Neckar";"Auenfeld";"48.78323231413281";"9.304175197722396";"ja";"nein";"ja";"ja";"Ordnungsamt";"Kommunaler Bereitschaftsdienst";"2025-09-26";"mittel";"Regelbetrieb nach kommunalem Notfallplan"
"NK-0493";"Mobile Versorgungsstelle Mitte 493";"Mobile Versorgungsstelle";"Temporärer Standort";"aktiv";"283";"103";"64";"Musterstrasse 13";"73728";"Esslingen am Neckar";"Mitte";"48.71467197296364";"9.288879956434489";"ja";"ja";"ja";"ja";"Stadtverwaltung";"Amt fuer Bevoelkerungsschutz";"2026-04-05";"mittel";"Regelbetrieb nach kommunalem Notfallplan"
"NK-0494";"Mobile Versorgungsstelle Nord 494";"Mobile Versorgungsstelle";"Temporärer Standort";"aktiv";"283";"228";"19";"Musterstrasse 14";"73728";"Esslingen am Neckar";"Nord";"48.71392695363098";"9.304626183327748";"ja";"nein";"ja";"ja";"Feuerwehr";"Kommunaler Bereitschaftsdienst";"2025-06-17";"mittel";"Regelbetrieb nach kommunalem Notfallplan"
"NK-0495";"Mobile Versorgungsstelle Sued 495";"Mobile Versorgungsstelle";"Temporärer Standort";"aktiv";"240";"39";"84";"Musterstrasse 15";"73728";"Esslingen am Neckar";"Sued";"48.7137668615749";"9.32091290540361";"ja";"nein";"ja";"ja";"DRK";"Kommunaler Bereitschaftsdienst";"2025-07-29";"mittel";"Regelbetrieb nach kommunalem Notfallplan"
"NK-0496";"Mobile Versorgungsstelle Weststadt 496";"Mobile Versorgungsstelle";"Temporärer Standort";"eingeschraenkt";"247";"83";"66";"Musterstrasse 16";"73728";"Esslingen am Neckar";"Weststadt";"48.72355393792891";"9.336583120545436";"nein";"ja";"ja";"ja";"Technisches Hilfswerk";"Amt fuer Bevoelkerungsschutz";"2026-04-21";"niedrig";"Zugang ueber Nordseite, Schluessel im Stabsraum hinterlegt"
"NK-0497";"Mobile Versorgungsstelle Oberdorf 497";"Mobile Versorgungsstelle";"Temporärer Standort";"eingeschraenkt";"192";"47";"76";"Musterstrasse 17";"73728";"Esslingen am Neckar";"Oberdorf";"48.74197144600155";"9.323709799091654";"ja";"nein";"ja";"ja";"Gebaeudemanagement";"Kommunaler Bereitschaftsdienst";"2025-05-28";"mittel";"Regelbetrieb nach kommunalem Notfallplan"
"NK-0498";"Mobile Versorgungsstelle Pliensauvorstadt 498";"Mobile Versorgungsstelle";"Temporärer Standort";"eingeschraenkt";"232";"97";"58";"Musterstrasse 18";"73728";"Esslingen am Neckar";"Pliensauvorstadt";"48.75740756823698";"9.331172358912902";"ja";"nein";"ja";"ja";"Ordnungsamt";"Kommunaler Bereitschaftsdienst";"2026-04-18";"hoch";"Regelbetrieb nach kommunalem Notfallplan"
"NK-0499";"Mobile Versorgungsstelle Zell 499";"Mobile Versorgungsstelle";"Temporärer Standort";"ausser Betrieb";"189";"0";"100";"Musterstrasse 19";"73728";"Esslingen am Neckar";"Zell";"48.777426164907155";"9.324846294838851";"ja";"ja";"ja";"ja";"Stadtverwaltung";"Amt fuer Bevoelkerungsschutz";"2025-06-20";"mittel";"Regelbetrieb nach kommunalem Notfallplan"
"NK-0500";"Mobile Versorgungsstelle Obertal 500";"Mobile Versorgungsstelle";"Temporärer Standort";"geplant";"149";"61";"59";"Musterstrasse 20";"73728";"Esslingen am Neckar";"Obertal";"48.77919501512415";"9.304356036175442";"ja";"nein";"ja";"ja";"Feuerwehr";"Kommunaler Bereitschaftsdienst";"2025-06-26";"mittel";"Regelbetrieb nach kommunalem Notfallplan"
"NK-0501";"Mobile Versorgungsstelle Sulzgries 501";"Mobile Versorgungsstelle";"Temporärer Standort";"aktiv";"258";"150";"42";"Musterstrasse 21";"73728";"Esslingen am Neckar";"Sulzgries";"48.77839289666631";"9.283165491461123";"nein";"nein";"ja";"ja";"DRK";"Kommunaler Bereitschaftsdienst";"2025-04-17";"niedrig";"Regelbetrieb nach kommunalem Notfallplan"
"NK-0502";"Mobile Versorgungsstelle Berkheim 502";"Mobile Versorgungsstelle";"Temporärer Standort";"aktiv";"112";"35";"69";"Musterstrasse 22";"73728";"Esslingen am Neckar";"Berkheim";"48.76786279955185";"9.258744811777298";"ja";"ja";"ja";"ja";"Technisches Hilfswerk";"Amt fuer Bevoelkerungsschutz";"2025-12-16";"mittel";"Regelbetrieb nach kommunalem Notfallplan"
"NK-0503";"Mobile Versorgungsstelle Waldacker 503";"Mobile Versorgungsstelle";"Temporärer Standort";"aktiv";"285";"211";"26";"Musterstrasse 23";"73728";"Esslingen am Neckar";"Waldacker";"48.741417947769605";"9.253012224208257";"ja";"nein";"ja";"ja";"Gebaeudemanagement";"Kommunaler Bereitschaftsdienst";"2025-07-18";"mittel";"Regelbetrieb nach kommunalem Notfallplan"
"NK-0504";"Mobile Versorgungsstelle Auenfeld 504";"Mobile Versorgungsstelle";"Temporärer Standort";"ausser Betrieb";"139";"0";"100";"Musterstrasse 24";"73728";"Esslingen am Neckar";"Auenfeld";"48.71467679573164";"9.258547717654872";"ja";"nein";"ja";"ja";"Ordnungsamt";"Kommunaler Bereitschaftsdienst";"2025-07-02";"mittel";"Regelbetrieb nach kommunalem Notfallplan"
"NK-0505";"Mobile Versorgungsstelle Mitte 505";"Mobile Versorgungsstelle";"Temporärer Standort";"aktiv";"332";"206";"38";"Musterstrasse 25";"73728";"Esslingen am Neckar";"Mitte";"48.7419";"9.31767338707149";"ja";"ja";"ja";"ja";"Stadtverwaltung";"Amt fuer Bevoelkerungsschutz";"2025-04-08";"hoch";"Zugang ueber Nordseite, Schluessel im Stabsraum hinterlegt"
"NK-0506";"Mobile Versorgungsstelle Nord 506";"Mobile Versorgungsstelle";"Temporärer Standort";"aktiv";"342";"208";"39";"Musterstrasse 26";"73728";"Esslingen am Neckar";"Nord";"48.759773820273";"9.335491680086786";"nein";"nein";"ja";"ja";"Feuerwehr";"Kommunaler Bereitschaftsdienst";"2025-10-14";"niedrig";"Regelbetrieb nach kommunalem Notfallplan"
"NK-0507";"Mobile Versorgungsstelle Sued 507";"Mobile Versorgungsstelle";"Temporärer Standort";"aktiv";"124";"40";"68";"Musterstrasse 27";"73728";"Esslingen am Neckar";"Sued";"48.76152270184438";"9.315880339461822";"ja";"nein";"ja";"ja";"DRK";"Kommunaler Bereitschaftsdienst";"2025-05-10";"mittel";"Regelbetrieb nach kommunalem Notfallplan"
"NK-0508";"Mobile Versorgungsstelle Weststadt 508";"Mobile Versorgungsstelle";"Temporärer Standort";"aktiv";"234";"142";"39";"Musterstrasse 28";"73728";"Esslingen am Neckar";"Weststadt";"48.77925431733603";"9.30449530778159";"ja";"ja";"ja";"ja";"Technisches Hilfswerk";"Amt fuer Bevoelkerungsschutz";"2026-02-17";"mittel";"Regelbetrieb nach kommunalem Notfallplan"
"NK-0509";"Mobile Versorgungsstelle Oberdorf 509";"Mobile Versorgungsstelle";"Temporärer Standort";"aktiv";"118";"71";"40";"Musterstrasse 29";"73728";"Esslingen am Neckar";"Oberdorf";"48.77650073547539";"9.2844504832904";"ja";"nein";"ja";"ja";"Gebaeudemanagement";"Kommunaler Bereitschaftsdienst";"2025-06-19";"mittel";"Regelbetrieb nach kommunalem Notfallplan"
"NK-0510";"Mobile Versorgungsstelle Pliensauvorstadt 510";"Mobile Versorgungsstelle";"Temporärer Standort";"aktiv";"196";"67";"66";"Musterstrasse 30";"73728";"Esslingen am Neckar";"Pliensauvorstadt";"48.76322801455485";"9.267257038752936";"ja";"nein";"ja";"ja";"Ordnungsamt";"Kommunaler Bereitschaftsdienst";"2025-09-27";"mittel";"Regelbetrieb nach kommunalem Notfallplan"
"NK-0511";"Mobile Versorgungsstelle Zell 511";"Mobile Versorgungsstelle";"Temporärer Standort";"aktiv";"286";"177";"38";"Musterstrasse 31";"73728";"Esslingen am Neckar";"Zell";"48.74161426149002";"9.253624467635811";"nein";"ja";"ja";"ja";"Stadtverwaltung";"Amt fuer Bevoelkerungsschutz";"2025-12-19";"niedrig";"Regelbetrieb nach kommunalem Notfallplan"
"NK-0512";"Mobile Versorgungsstelle Obertal 512";"Mobile Versorgungsstelle";"Temporärer Standort";"aktiv";"316";"201";"36";"Musterstrasse 32";"73728";"Esslingen am Neckar";"Obertal";"48.723293081896294";"9.272853152965999";"ja";"nein";"ja";"ja";"Feuerwehr";"Kommunaler Bereitschaftsdienst";"2026-02-03";"hoch";"Regelbetrieb nach kommunalem Notfallplan"
"NK-0513";"Mobile Versorgungsstelle Sulzgries 513";"Mobile Versorgungsstelle";"Temporärer Standort";"aktiv";"31";"3";"90";"Musterstrasse 33";"73728";"Esslingen am Neckar";"Sulzgries";"48.69751962848119";"9.279417341676522";"ja";"nein";"ja";"ja";"DRK";"Kommunaler Bereitschaftsdienst";"2026-04-13";"mittel";"Regelbetrieb nach kommunalem Notfallplan"
"NK-0514";"Mobile Versorgungsstelle Berkheim 514";"Mobile Versorgungsstelle";"Temporärer Standort";"aktiv";"275";"220";"20";"Musterstrasse 34";"73728";"Esslingen am Neckar";"Berkheim";"48.71395168608739";"9.304834995509271";"ja";"ja";"ja";"ja";"Technisches Hilfswerk";"Amt fuer Bevoelkerungsschutz";"2026-03-17";"mittel";"Zugang ueber Nordseite, Schluessel im Stabsraum hinterlegt"
"NK-0515";"Mobile Versorgungsstelle Waldacker 515";"Mobile Versorgungsstelle";"Temporärer Standort";"aktiv";"162";"48";"70";"Musterstrasse 35";"73728";"Esslingen am Neckar";"Waldacker";"48.705302079753054";"9.326188180327769";"ja";"nein";"ja";"ja";"Gebaeudemanagement";"Kommunaler Bereitschaftsdienst";"2025-08-08";"mittel";"Regelbetrieb nach kommunalem Notfallplan"
"NK-0516";"Mobile Versorgungsstelle Auenfeld 516";"Mobile Versorgungsstelle";"Temporärer Standort";"ausser Betrieb";"221";"0";"100";"Musterstrasse 36";"73728";"Esslingen am Neckar";"Auenfeld";"48.72344195734468";"9.33734277906332";"nein";"nein";"ja";"ja";"Ordnungsamt";"Kommunaler Bereitschaftsdienst";"2026-02-23";"niedrig";"Regelbetrieb nach kommunalem Notfallplan"
"NK-0517";"Mobile Versorgungsstelle Mitte 517";"Mobile Versorgungsstelle";"Temporärer Standort";"eingeschraenkt";"303";"189";"38";"Musterstrasse 37";"73728";"Esslingen am Neckar";"Mitte";"48.765422336738574";"9.291019344400256";"ja";"ja";"ja";"ja";"Stadtverwaltung";"Amt fuer Bevoelkerungsschutz";"2025-07-25";"mittel";"Regelbetrieb nach kommunalem Notfallplan"
"NK-0518";"Mobile Versorgungsstelle Nord 518";"Mobile Versorgungsstelle";"Temporärer Standort";"eingeschraenkt";"338";"174";"49";"Musterstrasse 38";"73728";"Esslingen am Neckar";"Nord";"48.758301775442916";"9.276129841406268";"ja";"nein";"ja";"ja";"Feuerwehr";"Kommunaler Bereitschaftsdienst";"2025-12-23";"mittel";"Regelbetrieb nach kommunalem Notfallplan"
"NK-0519";"Mobile Versorgungsstelle Sued 519";"Mobile Versorgungsstelle";"Temporärer Standort";"ausser Betrieb";"167";"0";"100";"Musterstrasse 39";"73728";"Esslingen am Neckar";"Sued";"48.74186937989903";"9.288219908467562";"ja";"nein";"ja";"ja";"DRK";"Kommunaler Bereitschaftsdienst";"2025-04-12";"hoch";"Regelbetrieb nach kommunalem Notfallplan"
"NK-0520";"Mobile Versorgungsstelle Weststadt 520";"Mobile Versorgungsstelle";"Temporärer Standort";"geplant";"341";"166";"51";"Musterstrasse 40";"73728";"Esslingen am Neckar";"Weststadt";"48.72399132320906";"9.273781124879479";"ja";"ja";"ja";"ja";"Technisches Hilfswerk";"Amt fuer Bevoelkerungsschutz";"2025-12-23";"mittel";"Regelbetrieb nach kommunalem Notfallplan"
"NK-0521";"Mobile Versorgungsstelle Oberdorf 521";"Mobile Versorgungsstelle";"Temporärer Standort";"aktiv";"115";"21";"82";"Musterstrasse 41";"73728";"Esslingen am Neckar";"Oberdorf";"48.70738948580862";"9.28484696675872";"nein";"nein";"ja";"ja";"Gebaeudemanagement";"Kommunaler Bereitschaftsdienst";"2025-09-17";"niedrig";"Regelbetrieb nach kommunalem Notfallplan"
"NK-0522";"Mobile Versorgungsstelle Pliensauvorstadt 522";"Mobile Versorgungsstelle";"Temporärer Standort";"aktiv";"144";"65";"55";"Musterstrasse 42";"73728";"Esslingen am Neckar";"Pliensauvorstadt";"48.69849295756225";"9.304802800029272";"ja";"nein";"ja";"ja";"Ordnungsamt";"Kommunaler Bereitschaftsdienst";"2025-08-26";"mittel";"Regelbetrieb nach kommunalem Notfallplan"
"NK-0523";"Mobile Versorgungsstelle Zell 523";"Mobile Versorgungsstelle";"Temporärer Standort";"aktiv";"324";"36";"89";"Musterstrasse 43";"73728";"Esslingen am Neckar";"Zell";"48.718442119948485";"9.318319332079469";"ja";"ja";"ja";"ja";"Stadtverwaltung";"Amt fuer Bevoelkerungsschutz";"2025-08-05";"mittel";"Zugang ueber Nordseite, Schluessel im Stabsraum hinterlegt"
"NK-0524";"Mobile Versorgungsstelle Obertal 524";"Mobile Versorgungsstelle";"Temporärer Standort";"aktiv";"82";"68";"17";"Musterstrasse 44";"73728";"Esslingen am Neckar";"Obertal";"48.72328698183849";"9.337331231271648";"ja";"nein";"ja";"ja";"Feuerwehr";"Kommunaler Bereitschaftsdienst";"2025-04-18";"mittel";"Regelbetrieb nach kommunalem Notfallplan"
"NK-0525";"Mobile Versorgungsstelle Sulzgries 525";"Mobile Versorgungsstelle";"Temporärer Standort";"aktiv";"252";"109";"57";"Musterstrasse 45";"73728";"Esslingen am Neckar";"Sulzgries";"48.74211772387087";"9.333727593770979";"ja";"nein";"ja";"ja";"DRK";"Kommunaler Bereitschaftsdienst";"2026-04-15";"mittel";"Regelbetrieb nach kommunalem Notfallplan"
"NK-0526";"Mobile Versorgungsstelle Berkheim 526";"Mobile Versorgungsstelle";"Temporärer Standort";"aktiv";"330";"62";"81";"Musterstrasse 46";"73728";"Esslingen am Neckar";"Berkheim";"48.756841773586395";"9.329984537731093";"nein";"ja";"ja";"ja";"Technisches Hilfswerk";"Amt fuer Bevoelkerungsschutz";"2026-02-12";"hoch";"Regelbetrieb nach kommunalem Notfallplan"
"NK-0527";"Mobile Versorgungsstelle Waldacker 527";"Mobile Versorgungsstelle";"Temporärer Standort";"aktiv";"264";"27";"90";"Musterstrasse 47";"73728";"Esslingen am Neckar";"Waldacker";"48.77375271699705";"9.322595486373643";"ja";"nein";"ja";"ja";"Gebaeudemanagement";"Kommunaler Bereitschaftsdienst";"2025-05-30";"mittel";"Regelbetrieb nach kommunalem Notfallplan"
"NK-0528";"Mobile Versorgungsstelle Auenfeld 528";"Mobile Versorgungsstelle";"Temporärer Standort";"ausser Betrieb";"33";"0";"100";"Musterstrasse 48";"73728";"Esslingen am Neckar";"Auenfeld";"48.79672603726389";"9.30403651290787";"ja";"nein";"ja";"ja";"Ordnungsamt";"Kommunaler Bereitschaftsdienst";"2025-08-31";"mittel";"Regelbetrieb nach kommunalem Notfallplan"
"NK-0529";"Mobile Versorgungsstelle Mitte 529";"Mobile Versorgungsstelle";"Temporärer Standort";"aktiv";"300";"191";"36";"Musterstrasse 49";"73728";"Esslingen am Neckar";"Mitte";"48.72036507851589";"9.292166858830495";"ja";"ja";"ja";"ja";"Stadtverwaltung";"Amt fuer Bevoelkerungsschutz";"2025-09-27";"mittel";"Regelbetrieb nach kommunalem Notfallplan"
"NK-0530";"Mobile Versorgungsstelle Nord 530";"Mobile Versorgungsstelle";"Temporärer Standort";"aktiv";"39";"13";"67";"Musterstrasse 50";"73728";"Esslingen am Neckar";"Nord";"48.70919992994698";"9.30463060791593";"ja";"nein";"ja";"ja";"Feuerwehr";"Kommunaler Bereitschaftsdienst";"2025-10-26";"mittel";"Regelbetrieb nach kommunalem Notfallplan"
"NK-0531";"Mobile Versorgungsstelle Sued 531";"Mobile Versorgungsstelle";"Temporärer Standort";"aktiv";"205";"95";"54";"Musterstrasse 51";"73728";"Esslingen am Neckar";"Sued";"48.72286567114886";"9.315636991368615";"nein";"nein";"ja";"ja";"DRK";"Kommunaler Bereitschaftsdienst";"2025-04-19";"niedrig";"Regelbetrieb nach kommunalem Notfallplan"
"NK-0532";"Mobile Versorgungsstelle Weststadt 532";"Mobile Versorgungsstelle";"Temporärer Standort";"aktiv";"282";"67";"76";"Musterstrasse 52";"73728";"Esslingen am Neckar";"Weststadt";"48.73124480710896";"9.323175447818093";"ja";"ja";"ja";"ja";"Technisches Hilfswerk";"Amt fuer Bevoelkerungsschutz";"2025-12-07";"mittel";"Zugang ueber Nordseite, Schluessel im Stabsraum hinterlegt"
"NK-0533";"Mobile Versorgungsstelle Oberdorf 533";"Mobile Versorgungsstelle";"Temporärer Standort";"aktiv";"71";"43";"39";"Musterstrasse 53";"73728";"Esslingen am Neckar";"Oberdorf";"48.74197414714724";"9.324432279711228";"ja";"nein";"ja";"ja";"Gebaeudemanagement";"Kommunaler Bereitschaftsdienst";"2025-10-05";"hoch";"Regelbetrieb nach kommunalem Notfallplan"
"NK-0534";"Mobile Versorgungsstelle Pliensauvorstadt 534";"Mobile Versorgungsstelle";"Temporärer Standort";"aktiv";"267";"118";"56";"Musterstrasse 54";"73728";"Esslingen am Neckar";"Pliensauvorstadt";"48.76149778145676";"9.338180976385715";"ja";"nein";"ja";"ja";"Ordnungsamt";"Kommunaler Bereitschaftsdienst";"2025-05-25";"mittel";"Regelbetrieb nach kommunalem Notfallplan"
"NK-0535";"Mobile Versorgungsstelle Zell 535";"Mobile Versorgungsstelle";"Temporärer Standort";"aktiv";"62";"27";"56";"Musterstrasse 55";"73728";"Esslingen am Neckar";"Zell";"48.780706067283894";"9.326715505059983";"ja";"ja";"ja";"ja";"Stadtverwaltung";"Amt fuer Bevoelkerungsschutz";"2025-08-19";"mittel";"Regelbetrieb nach kommunalem Notfallplan"
"NK-0536";"Mobile Versorgungsstelle Obertal 536";"Mobile Versorgungsstelle";"Temporärer Standort";"eingeschraenkt";"272";"91";"67";"Musterstrasse 56";"73728";"Esslingen am Neckar";"Obertal";"48.77720146083525";"9.30436907692974";"nein";"nein";"ja";"ja";"Feuerwehr";"Kommunaler Bereitschaftsdienst";"2025-12-29";"niedrig";"Regelbetrieb nach kommunalem Notfallplan"
"NK-0537";"Mobile Versorgungsstelle Sulzgries 537";"Mobile Versorgungsstelle";"Temporärer Standort";"eingeschraenkt";"338";"100";"70";"Musterstrasse 57";"73728";"Esslingen am Neckar";"Sulzgries";"48.77702509778701";"9.283968883338336";"ja";"nein";"ja";"ja";"DRK";"Kommunaler Bereitschaftsdienst";"2025-08-14";"mittel";"Regelbetrieb nach kommunalem Notfallplan"
"NK-0538";"Mobile Versorgungsstelle Berkheim 538";"Mobile Versorgungsstelle";"Temporärer Standort";"eingeschraenkt";"97";"41";"58";"Musterstrasse 58";"73728";"Esslingen am Neckar";"Berkheim";"48.759309064552774";"9.273852316944696";"ja";"ja";"ja";"ja";"Technisches Hilfswerk";"Amt fuer Bevoelkerungsschutz";"2026-05-17";"mittel";"Regelbetrieb nach kommunalem Notfallplan"
"NK-0539";"Mobile Versorgungsstelle Waldacker 539";"Mobile Versorgungsstelle";"Temporärer Standort";"ausser Betrieb";"288";"0";"100";"Musterstrasse 59";"73728";"Esslingen am Neckar";"Waldacker";"48.741661274327875";"9.279052298583725";"ja";"nein";"ja";"ja";"Gebaeudemanagement";"Kommunaler Bereitschaftsdienst";"2025-07-05";"mittel";"Regelbetrieb nach kommunalem Notfallplan"
"NK-0540";"Mobile Versorgungsstelle Auenfeld 540";"Mobile Versorgungsstelle";"Temporärer Standort";"ausser Betrieb";"68";"0";"100";"Musterstrasse 60";"73728";"Esslingen am Neckar";"Auenfeld";"48.72789265677306";"9.280904401244124";"ja";"nein";"ja";"ja";"Ordnungsamt";"Kommunaler Bereitschaftsdienst";"2025-04-01";"hoch";"Regelbetrieb nach kommunalem Notfallplan"
"NK-0541";"Trinkwasser-Ausgabepunkt Mitte 541";"Trinkwasser-Ausgabepunkt";"Versorgungspunkt";"aktiv";"0";"0";"0";"Musterstrasse 61";"73728";"Esslingen am Neckar";"Mitte";"48.7419";"9.348051192177833";"nein";"ja";"ja";"ja";"Stadtverwaltung";"Amt fuer Bevoelkerungsschutz";"2025-11-17";"niedrig";"Zugang ueber Nordseite, Schluessel im Stabsraum hinterlegt"
"NK-0542";"Trinkwasser-Ausgabepunkt Nord 542";"Trinkwasser-Ausgabepunkt";"Versorgungspunkt";"aktiv";"0";"0";"0";"Musterstrasse 62";"73728";"Esslingen am Neckar";"Nord";"48.75829172895855";"9.33293015210642";"ja";"nein";"nein";"nein";"Feuerwehr";"Kommunaler Bereitschaftsdienst";"2026-02-12";"mittel";"Regelbetrieb nach kommunalem Notfallplan"
"NK-0543";"Trinkwasser-Ausgabepunkt Sued 543";"Trinkwasser-Ausgabepunkt";"Versorgungspunkt";"aktiv";"0";"0";"0";"Musterstrasse 63";"73728";"Esslingen am Neckar";"Sued";"48.777028076457555";"9.32479378525061";"ja";"nein";"nein";"nein";"DRK";"Kommunaler Bereitschaftsdienst";"2026-02-28";"mittel";"Regelbetrieb nach kommunalem Notfallplan"
"NK-0544";"Trinkwasser-Ausgabepunkt Weststadt 544";"Trinkwasser-Ausgabepunkt";"Versorgungspunkt";"aktiv";"0";"0";"0";"Musterstrasse 64";"73728";"Esslingen am Neckar";"Weststadt";"48.767252146831616";"9.304528946031342";"ja";"ja";"nein";"nein";"Technisches Hilfswerk";"Amt fuer Bevoelkerungsschutz";"2025-06-22";"mittel";"Regelbetrieb nach kommunalem Notfallplan"
"NK-0545";"Trinkwasser-Ausgabepunkt Oberdorf 545";"Trinkwasser-Ausgabepunkt";"Versorgungspunkt";"aktiv";"0";"0";"0";"Musterstrasse 65";"73728";"Esslingen am Neckar";"Oberdorf";"48.772757169059055";"9.286630525217921";"ja";"nein";"ja";"nein";"Gebaeudemanagement";"Kommunaler Bereitschaftsdienst";"2026-04-28";"mittel";"Regelbetrieb nach kommunalem Notfallplan"
"NK-0546";"Trinkwasser-Ausgabepunkt Pliensauvorstadt 546";"Trinkwasser-Ausgabepunkt";"Versorgungspunkt";"aktiv";"0";"0";"0";"Musterstrasse 66";"73728";"Esslingen am Neckar";"Pliensauvorstadt";"48.75941281403153";"9.27393702694057";"nein";"nein";"nein";"ja";"Ordnungsamt";"Kommunaler Bereitschaftsdienst";"2025-09-27";"niedrig";"Regelbetrieb nach kommunalem Notfallplan"
"NK-0547";"Trinkwasser-Ausgabepunkt Zell 547";"Trinkwasser-Ausgabepunkt";"Versorgungspunkt";"aktiv";"0";"0";"0";"Musterstrasse 67";"73728";"Esslingen am Neckar";"Zell";"48.74178351745527";"9.283819602812608";"ja";"ja";"nein";"nein";"Stadtverwaltung";"Amt fuer Bevoelkerungsschutz";"2025-04-09";"hoch";"Regelbetrieb nach kommunalem Notfallplan"
"NK-0548";"Trinkwasser-Ausgabepunkt Obertal 548";"Trinkwasser-Ausgabepunkt";"Versorgungspunkt";"aktiv";"0";"0";"0";"Musterstrasse 68";"73728";"Esslingen am Neckar";"Obertal";"48.72793149358738";"9.280767142032689";"ja";"nein";"nein";"nein";"Feuerwehr";"Kommunaler Bereitschaftsdienst";"2025-06-16";"mittel";"Regelbetrieb nach kommunalem Notfallplan"
"NK-0549";"Trinkwasser-Ausgabepunkt Sulzgries 549";"Trinkwasser-Ausgabepunkt";"Versorgungspunkt";"aktiv";"0";"0";"0";"Musterstrasse 69";"73728";"Esslingen am Neckar";"Sulzgries";"48.696759071121406";"9.278985780257107";"ja";"nein";"ja";"nein";"DRK";"Kommunaler Bereitschaftsdienst";"2025-12-04";"mittel";"Regelbetrieb nach kommunalem Notfallplan"
"NK-0550";"Trinkwasser-Ausgabepunkt Berkheim 550";"Trinkwasser-Ausgabepunkt";"Versorgungspunkt";"aktiv";"0";"0";"0";"Musterstrasse 70";"73728";"Esslingen am Neckar";"Berkheim";"48.70853735908182";"9.304880520349734";"ja";"ja";"nein";"nein";"Technisches Hilfswerk";"Amt fuer Bevoelkerungsschutz";"2025-11-29";"mittel";"Zugang ueber Nordseite, Schluessel im Stabsraum hinterlegt"
"NK-0551";"Trinkwasser-Ausgabepunkt Waldacker 551";"Trinkwasser-Ausgabepunkt";"Versorgungspunkt";"aktiv";"0";"0";"0";"Musterstrasse 71";"73728";"Esslingen am Neckar";"Waldacker";"48.70253430020264";"9.327820822938023";"nein";"nein";"nein";"ja";"Gebaeudemanagement";"Kommunaler Bereitschaftsdienst";"2026-02-23";"niedrig";"Regelbetrieb nach kommunalem Notfallplan"
"NK-0552";"Trinkwasser-Ausgabepunkt Auenfeld 552";"Trinkwasser-Ausgabepunkt";"Versorgungspunkt";"ausser Betrieb";"0";"0";"0";"Musterstrasse 72";"73728";"Esslingen am Neckar";"Auenfeld";"48.72493291307389";"9.334697968075162";"ja";"nein";"nein";"nein";"Ordnungsamt";"Kommunaler Bereitschaftsdienst";"2025-08-30";"mittel";"Regelbetrieb nach kommunalem Notfallplan"
"NK-0553";"Trinkwasser-Ausgabepunkt Mitte 553";"Trinkwasser-Ausgabepunkt";"Versorgungspunkt";"aktiv";"0";"0";"0";"Musterstrasse 73";"73728";"Esslingen am Neckar";"Mitte";"48.760722462383114";"9.293732823749394";"ja";"ja";"ja";"nein";"Stadtverwaltung";"Amt fuer Bevoelkerungsschutz";"2026-02-08";"mittel";"Regelbetrieb nach kommunalem Notfallplan"
"NK-0554";"Trinkwasser-Ausgabepunkt Nord 554";"Trinkwasser-Ausgabepunkt";"Versorgungspunkt";"aktiv";"0";"0";"0";"Musterstrasse 74";"73728";"Esslingen am Neckar";"Nord";"48.76320605082517";"9.267617013120944";"ja";"nein";"nein";"nein";"Feuerwehr";"Kommunaler Bereitschaftsdienst";"2025-10-15";"hoch";"Regelbetrieb nach kommunalem Notfallplan"
"NK-0555";"Trinkwasser-Ausgabepunkt Sued 555";"Trinkwasser-Ausgabepunkt";"Versorgungspunkt";"aktiv";"0";"0";"0";"Musterstrasse 75";"73728";"Esslingen am Neckar";"Sued";"48.741858538867895";"9.282420545413261";"ja";"nein";"nein";"nein";"DRK";"Kommunaler Bereitschaftsdienst";"2025-04-25";"mittel";"Regelbetrieb nach kommunalem Notfallplan"
"NK-0556";"Trinkwasser-Ausgabepunkt Weststadt 556";"Trinkwasser-Ausgabepunkt";"Versorgungspunkt";"eingeschraenkt";"0";"0";"0";"Musterstrasse 76";"73728";"Esslingen am Neckar";"Weststadt";"48.72291935688849";"9.27193638802077";"nein";"ja";"nein";"ja";"Technisches Hilfswerk";"Amt fuer Bevoelkerungsschutz";"2025-10-11";"niedrig";"Regelbetrieb nach kommunalem Notfallplan"
"NK-0557";"Trinkwasser-Ausgabepunkt Oberdorf 557";"Trinkwasser-Ausgabepunkt";"Versorgungspunkt";"eingeschraenkt";"0";"0";"0";"Musterstrasse 77";"73728";"Esslingen am Neckar";"Oberdorf";"48.72334847790104";"9.293981530780306";"ja";"nein";"ja";"nein";"Gebaeudemanagement";"Kommunaler Bereitschaftsdienst";"2025-11-07";"mittel";"Regelbetrieb nach kommunalem Notfallplan"
"NK-0558";"Trinkwasser-Ausgabepunkt Pliensauvorstadt 558";"Trinkwasser-Ausgabepunkt";"Versorgungspunkt";"eingeschraenkt";"0";"0";"0";"Musterstrasse 78";"73728";"Esslingen am Neckar";"Pliensauvorstadt";"48.70542130219951";"9.304770430431706";"ja";"nein";"nein";"nein";"Ordnungsamt";"Kommunaler Bereitschaftsdienst";"2025-04-28";"mittel";"Regelbetrieb nach kommunalem Notfallplan"
"NK-0559";"Trinkwasser-Ausgabepunkt Zell 559";"Trinkwasser-Ausgabepunkt";"Versorgungspunkt";"ausser Betrieb";"0";"0";"0";"Musterstrasse 79";"73728";"Esslingen am Neckar";"Zell";"48.70599370022912";"9.32559978553986";"ja";"ja";"nein";"nein";"Stadtverwaltung";"Amt fuer Bevoelkerungsschutz";"2025-12-02";"mittel";"Zugang ueber Nordseite, Schluessel im Stabsraum hinterlegt"
"NK-0560";"Trinkwasser-Ausgabepunkt Obertal 560";"Trinkwasser-Ausgabepunkt";"Versorgungspunkt";"geplant";"0";"0";"0";"Musterstrasse 80";"73728";"Esslingen am Neckar";"Obertal";"48.71933176471909";"9.344286531327844";"ja";"nein";"nein";"nein";"Feuerwehr";"Kommunaler Bereitschaftsdienst";"2026-05-12";"mittel";"Regelbetrieb nach kommunalem Notfallplan"
"NK-0561";"Trinkwasser-Ausgabepunkt Sulzgries 561";"Trinkwasser-Ausgabepunkt";"Versorgungspunkt";"aktiv";"0";"0";"0";"Musterstrasse 81";"73728";"Esslingen am Neckar";"Sulzgries";"48.74216628332169";"9.340223987351601";"nein";"nein";"ja";"ja";"DRK";"Kommunaler Bereitschaftsdienst";"2025-06-29";"hoch";"Regelbetrieb nach kommunalem Notfallplan"
"NK-0562";"Trinkwasser-Ausgabepunkt Berkheim 562";"Trinkwasser-Ausgabepunkt";"Versorgungspunkt";"aktiv";"0";"0";"0";"Musterstrasse 82";"73728";"Esslingen am Neckar";"Berkheim";"48.755117113534716";"9.327054517549623";"ja";"ja";"nein";"nein";"Technisches Hilfswerk";"Amt fuer Bevoelkerungsschutz";"2025-11-20";"mittel";"Regelbetrieb nach kommunalem Notfallplan"
"NK-0563";"Trinkwasser-Ausgabepunkt Waldacker 563";"Trinkwasser-Ausgabepunkt";"Versorgungspunkt";"aktiv";"0";"0";"0";"Musterstrasse 83";"73728";"Esslingen am Neckar";"Waldacker";"48.78282560057703";"9.327721295667974";"ja";"nein";"nein";"nein";"Gebaeudemanagement";"Kommunaler Bereitschaftsdienst";"2025-03-24";"mittel";"Regelbetrieb nach kommunalem Notfallplan"
"NK-0564";"Trinkwasser-Ausgabepunkt Auenfeld 564";"Trinkwasser-Ausgabepunkt";"Versorgungspunkt";"ausser Betrieb";"0";"0";"0";"Musterstrasse 84";"73728";"Esslingen am Neckar";"Auenfeld";"48.78679189617566";"9.304138613306767";"ja";"nein";"nein";"nein";"Ordnungsamt";"Kommunaler Bereitschaftsdienst";"2025-07-08";"mittel";"Regelbetrieb nach kommunalem Notfallplan"
"NK-0565";"Trinkwasser-Ausgabepunkt Mitte 565";"Trinkwasser-Ausgabepunkt";"Versorgungspunkt";"aktiv";"0";"0";"0";"Musterstrasse 85";"73728";"Esslingen am Neckar";"Mitte";"48.71793255538809";"9.290762446770374";"ja";"ja";"ja";"nein";"Stadtverwaltung";"Amt fuer Bevoelkerungsschutz";"2026-02-08";"mittel";"Regelbetrieb nach kommunalem Notfallplan"
"NK-0566";"Trinkwasser-Ausgabepunkt Nord 566";"Trinkwasser-Ausgabepunkt";"Versorgungspunkt";"aktiv";"0";"0";"0";"Musterstrasse 86";"73728";"Esslingen am Neckar";"Nord";"48.724845056931436";"9.304615963765913";"nein";"nein";"nein";"ja";"Feuerwehr";"Kommunaler Bereitschaftsdienst";"2025-11-24";"niedrig";"Regelbetrieb nach kommunalem Notfallplan"
"NK-0567";"Trinkwasser-Ausgabepunkt Sued 567";"Trinkwasser-Ausgabepunkt";"Versorgungspunkt";"aktiv";"0";"0";"0";"Musterstrasse 87";"73728";"Esslingen am Neckar";"Sued";"48.714320060743056";"9.320592134732271";"ja";"nein";"nein";"nein";"DRK";"Kommunaler Bereitschaftsdienst";"2025-05-01";"mittel";"Regelbetrieb nach kommunalem Notfallplan"
"NK-0568";"Trinkwasser-Ausgabepunkt Weststadt 568";"Trinkwasser-Ausgabepunkt";"Versorgungspunkt";"aktiv";"0";"0";"0";"Musterstrasse 88";"73728";"Esslingen am Neckar";"Weststadt";"48.72705394074112";"9.330481483506455";"ja";"ja";"nein";"nein";"Technisches Hilfswerk";"Amt fuer Bevoelkerungsschutz";"2025-07-30";"hoch";"Zugang ueber Nordseite, Schluessel im Stabsraum hinterlegt"
"NK-0569";"Trinkwasser-Ausgabepunkt Oberdorf 569";"Trinkwasser-Ausgabepunkt";"Versorgungspunkt";"aktiv";"0";"0";"0";"Musterstrasse 89";"73728";"Esslingen am Neckar";"Oberdorf";"48.742000471630455";"9.331473339735687";"ja";"nein";"ja";"nein";"Gebaeudemanagement";"Kommunaler Bereitschaftsdienst";"2025-09-03";"mittel";"Regelbetrieb nach kommunalem Notfallplan"
"NK-0570";"Trinkwasser-Ausgabepunkt Pliensauvorstadt 570";"Trinkwasser-Ausgabepunkt";"Versorgungspunkt";"aktiv";"0";"0";"0";"Musterstrasse 90";"73728";"Esslingen am Neckar";"Pliensauvorstadt";"48.7578928176429";"9.332003838173831";"ja";"nein";"nein";"nein";"Ordnungsamt";"Kommunaler Bereitschaftsdienst";"2025-04-19";"mittel";"Regelbetrieb nach kommunalem Notfallplan"
"NK-0571";"Trinkwasser-Ausgabepunkt Zell 571";"Trinkwasser-Ausgabepunkt";"Versorgungspunkt";"aktiv";"0";"0";"0";"Musterstrasse 91";"73728";"Esslingen am Neckar";"Zell";"48.77047050686283";"9.320882278347577";"nein";"ja";"nein";"ja";"Stadtverwaltung";"Amt fuer Bevoelkerungsschutz";"2025-09-11";"niedrig";"Regelbetrieb nach kommunalem Notfallplan"
"NK-0572";"Trinkwasser-Ausgabepunkt Obertal 572";"Trinkwasser-Ausgabepunkt";"Versorgungspunkt";"aktiv";"0";"0";"0";"Musterstrasse 92";"73728";"Esslingen am Neckar";"Obertal";"48.77561237186806";"9.304379471890588";"ja";"nein";"nein";"nein";"Feuerwehr";"Kommunaler Bereitschaftsdienst";"2025-08-09";"mittel";"Regelbetrieb nach kommunalem Notfallplan"
"NK-0573";"Trinkwasser-Ausgabepunkt Sulzgries 573";"Trinkwasser-Ausgabepunkt";"Versorgungspunkt";"aktiv";"0";"0";"0";"Musterstrasse 93";"73728";"Esslingen am Neckar";"Sulzgries";"48.777153632413246";"9.28389338709673";"ja";"nein";"ja";"nein";"DRK";"Kommunaler Bereitschaftsdienst";"2025-10-21";"mittel";"Regelbetrieb nach kommunalem Notfallplan"
"NK-0574";"Trinkwasser-Ausgabepunkt Berkheim 574";"Trinkwasser-Ausgabepunkt";"Versorgungspunkt";"aktiv";"0";"0";"0";"Musterstrasse 94";"73728";"Esslingen am Neckar";"Berkheim";"48.75944070934359";"9.273619807478624";"ja";"ja";"nein";"nein";"Technisches Hilfswerk";"Amt fuer Bevoelkerungsschutz";"2026-03-30";"mittel";"Regelbetrieb nach kommunalem Notfallplan"
"NK-0575";"Trinkwasser-Ausgabepunkt Waldacker 575";"Trinkwasser-Ausgabepunkt";"Versorgungspunkt";"aktiv";"0";"0";"0";"Musterstrasse 95";"73728";"Esslingen am Neckar";"Waldacker";"48.74149797662488";"9.261576670926594";"ja";"nein";"nein";"nein";"Gebaeudemanagement";"Kommunaler Bereitschaftsdienst";"2026-03-29";"hoch";"Regelbetrieb nach kommunalem Notfallplan"
"NK-0576";"Trinkwasser-Ausgabepunkt Auenfeld 576";"Trinkwasser-Ausgabepunkt";"Versorgungspunkt";"ausser Betrieb";"0";"0";"0";"Musterstrasse 96";"73728";"Esslingen am Neckar";"Auenfeld";"48.72546144459624";"9.27679162787241";"nein";"nein";"nein";"ja";"Ordnungsamt";"Kommunaler Bereitschaftsdienst";"2026-03-16";"niedrig";"Regelbetrieb nach kommunalem Notfallplan"
"NK-0577";"Trinkwasser-Ausgabepunkt Mitte 577";"Trinkwasser-Ausgabepunkt";"Versorgungspunkt";"eingeschraenkt";"0";"0";"0";"Musterstrasse 97";"73728";"Esslingen am Neckar";"Mitte";"48.7419";"9.324054660750926";"ja";"ja";"ja";"nein";"Stadtverwaltung";"Amt fuer Bevoelkerungsschutz";"2026-01-12";"mittel";"Zugang ueber Nordseite, Schluessel im Stabsraum hinterlegt"
"NK-0578";"Trinkwasser-Ausgabepunkt Nord 578";"Trinkwasser-Ausgabepunkt";"Versorgungspunkt";"eingeschraenkt";"0";"0";"0";"Musterstrasse 98";"73728";"Esslingen am Neckar";"Nord";"48.75578606830356";"9.328599568818806";"ja";"nein";"nein";"nein";"Feuerwehr";"Kommunaler Bereitschaftsdienst";"2025-05-06";"mittel";"Regelbetrieb nach kommunalem Notfallplan"
"NK-0579";"Trinkwasser-Ausgabepunkt Sued 579";"Trinkwasser-Ausgabepunkt";"Versorgungspunkt";"ausser Betrieb";"0";"0";"0";"Musterstrasse 99";"73728";"Esslingen am Neckar";"Sued";"48.77694626838303";"9.324746756922977";"ja";"nein";"nein";"nein";"DRK";"Kommunaler Bereitschaftsdienst";"2026-01-26";"mittel";"Regelbetrieb nach kommunalem Notfallplan"
"NK-0580";"Trinkwasser-Ausgabepunkt Weststadt 580";"Trinkwasser-Ausgabepunkt";"Versorgungspunkt";"geplant";"0";"0";"0";"Musterstrasse 100";"73728";"Esslingen am Neckar";"Weststadt";"48.78510509696493";"9.30447890991536";"ja";"ja";"nein";"nein";"Technisches Hilfswerk";"Amt fuer Bevoelkerungsschutz";"2025-11-30";"mittel";"Regelbetrieb nach kommunalem Notfallplan"
"NK-0581";"Trinkwasser-Ausgabepunkt Oberdorf 581";"Trinkwasser-Ausgabepunkt";"Versorgungspunkt";"aktiv";"0";"0";"0";"Musterstrasse 101";"73728";"Esslingen am Neckar";"Oberdorf";"48.76624330245411";"9.290423833718368";"nein";"nein";"ja";"ja";"Gebaeudemanagement";"Kommunaler Bereitschaftsdienst";"2026-05-18";"niedrig";"Regelbetrieb nach kommunalem Notfallplan"
"NK-0582";"Trinkwasser-Ausgabepunkt Pliensauvorstadt 582";"Trinkwasser-Ausgabepunkt";"Versorgungspunkt";"aktiv";"0";"0";"0";"Musterstrasse 102";"73728";"Esslingen am Neckar";"Pliensauvorstadt";"48.76022983773204";"9.272506510081742";"ja";"nein";"nein";"nein";"Ordnungsamt";"Kommunaler Bereitschaftsdienst";"2026-04-13";"hoch";"Regelbetrieb nach kommunalem Notfallplan"
"NK-0583";"Trinkwasser-Ausgabepunkt Zell 583";"Trinkwasser-Ausgabepunkt";"Versorgungspunkt";"aktiv";"0";"0";"0";"Musterstrasse 103";"73728";"Esslingen am Neckar";"Zell";"48.74170338270097";"9.269523623731839";"ja";"ja";"nein";"nein";"Stadtverwaltung";"Amt fuer Bevoelkerungsschutz";"2025-11-04";"mittel";"Regelbetrieb nach kommunalem Notfallplan"
"NK-0584";"Trinkwasser-Ausgabepunkt Obertal 584";"Trinkwasser-Ausgabepunkt";"Versorgungspunkt";"aktiv";"0";"0";"0";"Musterstrasse 104";"73728";"Esslingen am Neckar";"Obertal";"48.72415625282513";"9.274325882371762";"ja";"nein";"nein";"nein";"Feuerwehr";"Kommunaler Bereitschaftsdienst";"2025-04-19";"mittel";"Regelbetrieb nach kommunalem Notfallplan"
"NK-0585";"Trinkwasser-Ausgabepunkt Sulzgries 585";"Trinkwasser-Ausgabepunkt";"Versorgungspunkt";"aktiv";"0";"0";"0";"Musterstrasse 105";"73728";"Esslingen am Neckar";"Sulzgries";"48.72222275069091";"9.293434580938857";"ja";"nein";"ja";"nein";"DRK";"Kommunaler Bereitschaftsdienst";"2025-07-04";"mittel";"Regelbetrieb nach kommunalem Notfallplan"
"NK-0586";"Trinkwasser-Ausgabepunkt Berkheim 586";"Trinkwasser-Ausgabepunkt";"Versorgungspunkt";"aktiv";"0";"0";"0";"Musterstrasse 106";"73728";"Esslingen am Neckar";"Berkheim";"48.68729520952747";"9.305059128968777";"nein";"ja";"nein";"ja";"Technisches Hilfswerk";"Amt fuer Bevoelkerungsschutz";"2025-08-06";"niedrig";"Zugang ueber Nordseite, Schluessel im Stabsraum hinterlegt"
"NK-0587";"Trinkwasser-Ausgabepunkt Waldacker 587";"Trinkwasser-Ausgabepunkt";"Versorgungspunkt";"aktiv";"0";"0";"0";"Musterstrasse 107";"73728";"Esslingen am Neckar";"Waldacker";"48.7108805631968";"9.322897575131451";"ja";"nein";"nein";"nein";"Gebaeudemanagement";"Kommunaler Bereitschaftsdienst";"2025-10-03";"mittel";"Regelbetrieb nach kommunalem Notfallplan"
"NK-0588";"Trinkwasser-Ausgabepunkt Auenfeld 588";"Trinkwasser-Ausgabepunkt";"Versorgungspunkt";"ausser Betrieb";"0";"0";"0";"Musterstrasse 108";"73728";"Esslingen am Neckar";"Auenfeld";"48.7274757606138";"9.330187202944446";"ja";"nein";"nein";"nein";"Ordnungsamt";"Kommunaler Bereitschaftsdienst";"2026-01-24";"mittel";"Regelbetrieb nach kommunalem Notfallplan"
"NK-0589";"Trinkwasser-Ausgabepunkt Mitte 589";"Trinkwasser-Ausgabepunkt";"Versorgungspunkt";"aktiv";"0";"0";"0";"Musterstrasse 109";"73728";"Esslingen am Neckar";"Mitte";"48.76457028054704";"9.29151128029155";"ja";"ja";"ja";"nein";"Stadtverwaltung";"Amt fuer Bevoelkerungsschutz";"2026-01-14";"hoch";"Regelbetrieb nach kommunalem Notfallplan"
"NK-0590";"Trinkwasser-Ausgabepunkt Nord 590";"Trinkwasser-Ausgabepunkt";"Versorgungspunkt";"aktiv";"0";"0";"0";"Musterstrasse 110";"73728";"Esslingen am Neckar";"Nord";"48.7592223256338";"9.27453195281066";"ja";"nein";"nein";"nein";"Feuerwehr";"Kommunaler Bereitschaftsdienst";"2025-09-22";"mittel";"Regelbetrieb nach kommunalem Notfallplan"
"NK-0591";"Trinkwasser-Ausgabepunkt Sued 591";"Trinkwasser-Ausgabepunkt";"Versorgungspunkt";"aktiv";"0";"0";"0";"Musterstrasse 111";"73728";"Esslingen am Neckar";"Sued";"48.74182884223824";"9.266534460897175";"nein";"nein";"nein";"ja";"DRK";"Kommunaler Bereitschaftsdienst";"2026-01-28";"niedrig";"Regelbetrieb nach kommunalem Notfallplan"
"NK-0592";"Trinkwasser-Ausgabepunkt Weststadt 592";"Trinkwasser-Ausgabepunkt";"Versorgungspunkt";"aktiv";"0";"0";"0";"Musterstrasse 112";"73728";"Esslingen am Neckar";"Weststadt";"48.71905672007914";"9.265289212305165";"ja";"ja";"nein";"nein";"Technisches Hilfswerk";"Amt fuer Bevoelkerungsschutz";"2025-03-27";"mittel";"Regelbetrieb nach kommunalem Notfallplan"
"NK-0593";"Trinkwasser-Ausgabepunkt Oberdorf 593";"Trinkwasser-Ausgabepunkt";"Versorgungspunkt";"aktiv";"0";"0";"0";"Musterstrasse 113";"73728";"Esslingen am Neckar";"Oberdorf";"48.70916345504404";"9.285862346392936";"ja";"nein";"ja";"nein";"Gebaeudemanagement";"Kommunaler Bereitschaftsdienst";"2026-03-31";"mittel";"Regelbetrieb nach kommunalem Notfallplan"
"NK-0594";"Trinkwasser-Ausgabepunkt Pliensauvorstadt 594";"Trinkwasser-Ausgabepunkt";"Versorgungspunkt";"aktiv";"0";"0";"0";"Musterstrasse 114";"73728";"Esslingen am Neckar";"Pliensauvorstadt";"48.71764478676356";"9.304713321656536";"ja";"nein";"nein";"nein";"Ordnungsamt";"Kommunaler Bereitschaftsdienst";"2025-10-27";"mittel";"Regelbetrieb nach kommunalem Notfallplan"
"NK-0595";"Trinkwasser-Ausgabepunkt Zell 595";"Trinkwasser-Ausgabepunkt";"Versorgungspunkt";"aktiv";"0";"0";"0";"Musterstrasse 115";"73728";"Esslingen am Neckar";"Zell";"48.71891864366821";"9.318040637366208";"ja";"ja";"nein";"nein";"Stadtverwaltung";"Amt fuer Bevoelkerungsschutz";"2025-07-20";"mittel";"Zugang ueber Nordseite, Schluessel im Stabsraum hinterlegt"
"NK-0596";"Trinkwasser-Ausgabepunkt Obertal 596";"Trinkwasser-Ausgabepunkt";"Versorgungspunkt";"eingeschraenkt";"0";"0";"0";"Musterstrasse 116";"73728";"Esslingen am Neckar";"Obertal";"48.71814811764365";"9.346367989898074";"nein";"nein";"nein";"ja";"Feuerwehr";"Kommunaler Bereitschaftsdienst";"2026-03-17";"hoch";"Regelbetrieb nach kommunalem Notfallplan"
"NK-0597";"Trinkwasser-Ausgabepunkt Sulzgries 597";"Trinkwasser-Ausgabepunkt";"Versorgungspunkt";"eingeschraenkt";"0";"0";"0";"Musterstrasse 117";"73728";"Esslingen am Neckar";"Sulzgries";"48.74228744278756";"9.3564329757792";"ja";"nein";"ja";"nein";"DRK";"Kommunaler Bereitschaftsdienst";"2025-10-06";"mittel";"Regelbetrieb nach kommunalem Notfallplan"
"NK-0598";"Trinkwasser-Ausgabepunkt Berkheim 598";"Trinkwasser-Ausgabepunkt";"Versorgungspunkt";"eingeschraenkt";"0";"0";"0";"Musterstrasse 118";"73728";"Esslingen am Neckar";"Berkheim";"48.76114063340414";"9.337287858760108";"ja";"ja";"nein";"nein";"Technisches Hilfswerk";"Amt fuer Bevoelkerungsschutz";"2026-01-09";"mittel";"Regelbetrieb nach kommunalem Notfallplan"
"NK-0599";"Trinkwasser-Ausgabepunkt Waldacker 599";"Trinkwasser-Ausgabepunkt";"Versorgungspunkt";"ausser Betrieb";"0";"0";"0";"Musterstrasse 119";"73728";"Esslingen am Neckar";"Waldacker";"48.76871794321841";"9.319751044471365";"ja";"nein";"nein";"nein";"Gebaeudemanagement";"Kommunaler Bereitschaftsdienst";"2025-10-19";"mittel";"Regelbetrieb nach kommunalem Notfallplan"
"NK-0600";"Trinkwasser-Ausgabepunkt Auenfeld 600";"Trinkwasser-Ausgabepunkt";"Versorgungspunkt";"ausser Betrieb";"0";"0";"0";"Musterstrasse 120";"73728";"Esslingen am Neckar";"Auenfeld";"48.79662531787132";"9.30403754807438";"ja";"nein";"nein";"nein";"Ordnungsamt";"Kommunaler Bereitschaftsdienst";"2025-04-18";"mittel";"Regelbetrieb nach kommunalem Notfallplan"
"NK-0601";"Notunterkunft Mitte 601";"Notunterkunft";"Sporthalle";"aktiv";"192";"121";"37";"Musterstrasse 1";"73728";"Esslingen am Neckar";"Mitte";"48.71497282375343";"9.289053651998834";"nein";"nein";"ja";"ja";"Stadtverwaltung";"Amt fuer Bevoelkerungsschutz";"2025-08-13";"niedrig";"Regelbetrieb nach kommunalem Notfallplan"
"NK-0602";"Notunterkunft Nord 602";"Notunterkunft";"Sporthalle";"aktiv";"253";"155";"39";"Musterstrasse 2";"73728";"Esslingen am Neckar";"Nord";"48.72100137933613";"9.304619561524587";"ja";"ja";"ja";"ja";"Feuerwehr";"Kommunaler Bereitschaftsdienst";"2025-07-10";"mittel";"Regelbetrieb nach kommunalem Notfallplan"
"NK-0603";"Notunterkunft Sued 603";"Notunterkunft";"Sporthalle";"aktiv";"124";"95";"23";"Musterstrasse 3";"73728";"Esslingen am Neckar";"Sued";"48.70860976458377";"9.323903230695528";"ja";"ja";"ja";"ja";"DRK";"Kommunaler Bereitschaftsdienst";"2025-05-30";"hoch";"Regelbetrieb nach kommunalem Notfallplan"
"NK-0604";"Notunterkunft Weststadt 604";"Notunterkunft";"Sporthalle";"aktiv";"249";"168";"33";"Musterstrasse 4";"73728";"Esslingen am Neckar";"Weststadt";"48.729854991331024";"9.325598346279325";"ja";"ja";"ja";"ja";"Technisches Hilfswerk";"Amt fuer Bevoelkerungsschutz";"2025-11-24";"mittel";"Zugang ueber Nordseite, Schluessel im Stabsraum hinterlegt"
"NK-0605";"Notunterkunft Oberdorf 605";"Notunterkunft";"Sporthalle";"aktiv";"318";"37";"88";"Musterstrasse 5";"73728";"Esslingen am Neckar";"Oberdorf";"48.74198550053941";"9.327468993292293";"ja";"nein";"ja";"ja";"Gebaeudemanagement";"Kommunaler Bereitschaftsdienst";"2026-05-08";"mittel";"Regelbetrieb nach kommunalem Notfallplan"
"NK-0606";"Notunterkunft Pliensauvorstadt 606";"Notunterkunft";"Sporthalle";"aktiv";"277";"187";"32";"Musterstrasse 6";"73728";"Esslingen am Neckar";"Pliensauvorstadt";"48.75148545646455";"9.321024766644758";"nein";"ja";"ja";"ja";"Ordnungsamt";"Kommunaler Bereitschaftsdienst";"2025-04-18";"niedrig";"Regelbetrieb nach kommunalem Notfallplan"
"NK-0607";"Notunterkunft Zell 607";"Notunterkunft";"Sporthalle";"aktiv";"151";"106";"30";"Musterstrasse 7";"73728";"Esslingen am Neckar";"Zell";"48.76563784173349";"9.318128151542119";"ja";"ja";"ja";"ja";"Stadtverwaltung";"Amt fuer Bevoelkerungsschutz";"2025-06-06";"mittel";"Regelbetrieb nach kommunalem Notfallplan"
"NK-0608";"Notunterkunft Obertal 608";"Notunterkunft";"Sporthalle";"aktiv";"225";"153";"32";"Musterstrasse 8";"73728";"Esslingen am Neckar";"Obertal";"48.77636512588867";"9.304374547780778";"ja";"ja";"ja";"ja";"Feuerwehr";"Kommunaler Bereitschaftsdienst";"2025-12-14";"mittel";"Regelbetrieb nach kommunalem Notfallplan"
"NK-0609";"Notunterkunft Sulzgries 609";"Notunterkunft";"Sporthalle";"aktiv";"316";"85";"73";"Musterstrasse 9";"73728";"Esslingen am Neckar";"Sulzgries";"48.77386091342032";"9.285827402201516";"ja";"nein";"ja";"ja";"DRK";"Kommunaler Bereitschaftsdienst";"2026-03-19";"mittel";"Regelbetrieb nach kommunalem Notfallplan"
"NK-0610";"Notunterkunft Berkheim 610";"Notunterkunft";"Sporthalle";"aktiv";"175";"127";"27";"Musterstrasse 10";"73728";"Esslingen am Neckar";"Berkheim";"48.76364374286085";"9.266196459597554";"ja";"ja";"ja";"ja";"Technisches Hilfswerk";"Amt fuer Bevoelkerungsschutz";"2026-04-12";"hoch";"Regelbetrieb nach kommunalem Notfallplan"
"NK-0611";"Notunterkunft Waldacker 611";"Notunterkunft";"Sporthalle";"aktiv";"235";"75";"68";"Musterstrasse 11";"73728";"Esslingen am Neckar";"Waldacker";"48.741446370706775";"9.256053961219035";"nein";"ja";"ja";"ja";"Gebaeudemanagement";"Kommunaler Bereitschaftsdienst";"2025-12-28";"niedrig";"Regelbetrieb nach kommunalem Notfallplan"
"NK-0612";"Notunterkunft Auenfeld 612";"Notunterkunft";"Sporthalle";"ausser Betrieb";"95";"0";"100";"Musterstrasse 12";"73728";"Esslingen am Neckar";"Auenfeld";"48.72290948690117";"9.27247459468456";"ja";"ja";"ja";"ja";"Ordnungsamt";"Kommunaler Bereitschaftsdienst";"2025-08-01";"mittel";"Regelbetrieb nach kommunalem Notfallplan"
"NK-0613";"Notunterkunft Mitte 613";"Notunterkunft";"Sporthalle";"aktiv";"219";"111";"49";"Musterstrasse 13";"73728";"Esslingen am Neckar";"Mitte";"48.7419";"9.338539526617527";"ja";"nein";"ja";"ja";"Stadtverwaltung";"Amt fuer Bevoelkerungsschutz";"2026-01-15";"mittel";"Zugang ueber Nordseite, Schluessel im Stabsraum hinterlegt"
"NK-0614";"Notunterkunft Nord 614";"Notunterkunft";"Sporthalle";"aktiv";"211";"66";"69";"Musterstrasse 14";"73728";"Esslingen am Neckar";"Nord";"48.75363610999433";"9.32488375299017";"ja";"ja";"ja";"ja";"Feuerwehr";"Kommunaler Bereitschaftsdienst";"2026-04-09";"mittel";"Regelbetrieb nach kommunalem Notfallplan"
"NK-0615";"Notunterkunft Sued 615";"Notunterkunft";"Sporthalle";"aktiv";"124";"85";"31";"Musterstrasse 15";"73728";"Esslingen am Neckar";"Sued";"48.75987479356364";"9.31493302012955";"ja";"ja";"ja";"ja";"DRK";"Kommunaler Bereitschaftsdienst";"2025-09-06";"mittel";"Regelbetrieb nach kommunalem Notfallplan"
"NK-0616";"Notunterkunft Weststadt 616";"Notunterkunft";"Sporthalle";"eingeschraenkt";"92";"32";"65";"Musterstrasse 16";"73728";"Esslingen am Neckar";"Weststadt";"48.7884768781323";"9.304469459889885";"nein";"ja";"ja";"ja";"Technisches Hilfswerk";"Amt fuer Bevoelkerungsschutz";"2025-08-24";"niedrig";"Regelbetrieb nach kommunalem Notfallplan"
"NK-0617";"Notunterkunft Oberdorf 617";"Notunterkunft";"Sporthalle";"eingeschraenkt";"231";"50";"78";"Musterstrasse 17";"73728";"Esslingen am Neckar";"Oberdorf";"48.77591455491444";"9.284791841785973";"ja";"nein";"ja";"ja";"Gebaeudemanagement";"Kommunaler Bereitschaftsdienst";"2026-03-29";"hoch";"Regelbetrieb nach kommunalem Notfallplan"
"NK-0618";"Notunterkunft Pliensauvorstadt 618";"Notunterkunft";"Sporthalle";"eingeschraenkt";"83";"49";"41";"Musterstrasse 18";"73728";"Esslingen am Neckar";"Pliensauvorstadt";"48.76473281293268";"9.264622305577777";"ja";"ja";"ja";"ja";"Ordnungsamt";"Kommunaler Bereitschaftsdienst";"2026-02-23";"mittel";"Regelbetrieb nach kommunalem Notfallplan"
"NK-0619";"Notunterkunft Zell 619";"Notunterkunft";"Sporthalle";"ausser Betrieb";"300";"0";"100";"Musterstrasse 19";"73728";"Esslingen am Neckar";"Zell";"48.74176194923518";"9.27997184879091";"ja";"ja";"ja";"ja";"Stadtverwaltung";"Amt fuer Bevoelkerungsschutz";"2026-02-28";"mittel";"Regelbetrieb nach kommunalem Notfallplan"
"NK-0620";"Notunterkunft Obertal 620";"Notunterkunft";"Sporthalle";"geplant";"120";"67";"44";"Musterstrasse 20";"73728";"Esslingen am Neckar";"Obertal";"48.71653777833623";"9.261327354464916";"ja";"ja";"ja";"ja";"Feuerwehr";"Kommunaler Bereitschaftsdienst";"2025-09-14";"mittel";"Regelbetrieb nach kommunalem Notfallplan"
"NK-0621";"Notunterkunft Sulzgries 621";"Notunterkunft";"Sporthalle";"aktiv";"322";"99";"69";"Musterstrasse 21";"73728";"Esslingen am Neckar";"Sulzgries";"48.72115305464054";"9.292827605620163";"nein";"nein";"ja";"ja";"DRK";"Kommunaler Bereitschaftsdienst";"2026-03-25";"niedrig";"Regelbetrieb nach kommunalem Notfallplan"
"NK-0622";"Notunterkunft Berkheim 622";"Notunterkunft";"Sporthalle";"aktiv";"339";"216";"36";"Musterstrasse 22";"73728";"Esslingen am Neckar";"Berkheim";"48.69385264217155";"9.30500399264719";"ja";"ja";"ja";"ja";"Technisches Hilfswerk";"Amt fuer Bevoelkerungsschutz";"2025-09-15";"mittel";"Zugang ueber Nordseite, Schluessel im Stabsraum hinterlegt"
"NK-0623";"Notunterkunft Waldacker 623";"Notunterkunft";"Sporthalle";"aktiv";"159";"27";"83";"Musterstrasse 23";"73728";"Esslingen am Neckar";"Waldacker";"48.71621641621108";"9.319750091441186";"ja";"ja";"ja";"ja";"Gebaeudemanagement";"Kommunaler Bereitschaftsdienst";"2025-07-25";"mittel";"Regelbetrieb nach kommunalem Notfallplan"
"NK-0624";"Notunterkunft Auenfeld 624";"Notunterkunft";"Sporthalle";"ausser Betrieb";"292";"0";"100";"Musterstrasse 24";"73728";"Esslingen am Neckar";"Auenfeld";"48.7272129925971";"9.330653327943525";"ja";"ja";"ja";"ja";"Ordnungsamt";"Kommunaler Bereitschaftsdienst";"2026-01-06";"hoch";"Regelbetrieb nach kommunalem Notfallplan"
"NK-0625";"Notunterkunft Mitte 625";"Notunterkunft";"Sporthalle";"aktiv";"244";"127";"48";"Musterstrasse 25";"73728";"Esslingen am Neckar";"Mitte";"48.77267330109025";"9.286832989501905";"ja";"nein";"ja";"ja";"Stadtverwaltung";"Amt fuer Bevoelkerungsschutz";"2026-03-26";"mittel";"Regelbetrieb nach kommunalem Notfallplan"
"NK-0626";"Notunterkunft Nord 626";"Notunterkunft";"Sporthalle";"aktiv";"209";"61";"71";"Musterstrasse 26";"73728";"Esslingen am Neckar";"Nord";"48.757806194200874";"9.276990070020311";"nein";"ja";"ja";"ja";"Feuerwehr";"Kommunaler Bereitschaftsdienst";"2025-11-22";"niedrig";"Regelbetrieb nach kommunalem Notfallplan"
"NK-0627";"Notunterkunft Sued 627";"Notunterkunft";"Sporthalle";"aktiv";"48";"14";"71";"Musterstrasse 27";"73728";"Esslingen am Neckar";"Sued";"48.74184355990547";"9.274407613784044";"ja";"ja";"ja";"ja";"DRK";"Kommunaler Bereitschaftsdienst";"2025-07-18";"mittel";"Regelbetrieb nach kommunalem Notfallplan"
"NK-0628";"Notunterkunft Weststadt 628";"Notunterkunft";"Sporthalle";"aktiv";"80";"52";"35";"Musterstrasse 28";"73728";"Esslingen am Neckar";"Weststadt";"48.725214759819515";"9.27588652554954";"ja";"ja";"ja";"ja";"Technisches Hilfswerk";"Amt fuer Bevoelkerungsschutz";"2025-04-24";"mittel";"Regelbetrieb nach kommunalem Notfallplan"
"NK-0629";"Notunterkunft Oberdorf 629";"Notunterkunft";"Sporthalle";"aktiv";"120";"24";"80";"Musterstrasse 29";"73728";"Esslingen am Neckar";"Oberdorf";"48.70082364215773";"9.281088827219742";"ja";"nein";"ja";"ja";"Gebaeudemanagement";"Kommunaler Bereitschaftsdienst";"2025-07-22";"mittel";"Regelbetrieb nach kommunalem Notfallplan"
"NK-0630";"Notunterkunft Pliensauvorstadt 630";"Notunterkunft";"Sporthalle";"aktiv";"221";"137";"38";"Musterstrasse 30";"73728";"Esslingen am Neckar";"Pliensauvorstadt";"48.710075342324004";"9.304748686506747";"ja";"ja";"ja";"ja";"Ordnungsamt";"Kommunaler Bereitschaftsdienst";"2026-01-09";"mittel";"Regelbetrieb nach kommunalem Notfallplan"
"NK-0631";"Notunterkunft Zell 631";"Notunterkunft";"Sporthalle";"aktiv";"130";"99";"24";"Musterstrasse 31";"73728";"Esslingen am Neckar";"Zell";"48.70316740951279";"9.327252740572682";"nein";"ja";"ja";"ja";"Stadtverwaltung";"Amt fuer Bevoelkerungsschutz";"2025-12-05";"hoch";"Zugang ueber Nordseite, Schluessel im Stabsraum hinterlegt"
"NK-0632";"Notunterkunft Obertal 632";"Notunterkunft";"Sporthalle";"aktiv";"188";"147";"22";"Musterstrasse 32";"73728";"Esslingen am Neckar";"Obertal";"48.723616797843675";"9.336751245594472";"ja";"ja";"ja";"ja";"Feuerwehr";"Kommunaler Bereitschaftsdienst";"2025-11-28";"mittel";"Regelbetrieb nach kommunalem Notfallplan"
"NK-0633";"Notunterkunft Sulzgries 633";"Notunterkunft";"Sporthalle";"aktiv";"65";"9";"86";"Musterstrasse 33";"73728";"Esslingen am Neckar";"Sulzgries";"48.742127180658386";"9.3349927442754";"ja";"nein";"ja";"ja";"DRK";"Kommunaler Bereitschaftsdienst";"2025-09-17";"mittel";"Regelbetrieb nach kommunalem Notfallplan"
"NK-0634";"Notunterkunft Berkheim 634";"Notunterkunft";"Sporthalle";"aktiv";"145";"19";"87";"Musterstrasse 34";"73728";"Esslingen am Neckar";"Berkheim";"48.76968528755421";"9.351804348012035";"ja";"ja";"ja";"ja";"Technisches Hilfswerk";"Amt fuer Bevoelkerungsschutz";"2026-01-15";"mittel";"Regelbetrieb nach kommunalem Notfallplan"
"NK-0635";"Notunterkunft Waldacker 635";"Notunterkunft";"Sporthalle";"aktiv";"208";"176";"15";"Musterstrasse 35";"73728";"Esslingen am Neckar";"Waldacker";"48.78537921317762";"9.329163982668954";"ja";"ja";"ja";"ja";"Gebaeudemanagement";"Kommunaler Bereitschaftsdienst";"2025-06-27";"mittel";"Regelbetrieb nach kommunalem Notfallplan"
"NK-0636";"Notunterkunft Auenfeld 636";"Notunterkunft";"Sporthalle";"ausser Betrieb";"43";"0";"100";"Musterstrasse 36";"73728";"Esslingen am Neckar";"Auenfeld";"48.771896200803404";"9.304291707210494";"nein";"ja";"ja";"ja";"Ordnungsamt";"Kommunaler Bereitschaftsdienst";"2025-09-23";"niedrig";"Regelbetrieb nach kommunalem Notfallplan"
"NK-0637";"Notunterkunft Mitte 637";"Notunterkunft";"Sporthalle";"eingeschraenkt";"277";"223";"19";"Musterstrasse 37";"73728";"Esslingen am Neckar";"Mitte";"48.72267593207685";"9.293501025224678";"ja";"nein";"ja";"ja";"Stadtverwaltung";"Amt fuer Bevoelkerungsschutz";"2026-02-11";"mittel";"Regelbetrieb nach kommunalem Notfallplan"
"NK-0638";"Notunterkunft Nord 638";"Notunterkunft";"Sporthalle";"eingeschraenkt";"194";"129";"34";"Musterstrasse 38";"73728";"Esslingen am Neckar";"Nord";"48.7204432332529";"9.304620083960423";"ja";"ja";"ja";"ja";"Feuerwehr";"Kommunaler Bereitschaftsdienst";"2026-05-12";"hoch";"Regelbetrieb nach kommunalem Notfallplan"
"NK-0639";"Notunterkunft Sued 639";"Notunterkunft";"Sporthalle";"ausser Betrieb";"49";"0";"100";"Musterstrasse 39";"73728";"Esslingen am Neckar";"Sued";"48.728656098127196";"9.312279431820269";"ja";"ja";"ja";"ja";"DRK";"Kommunaler Bereitschaftsdienst";"2026-05-10";"mittel";"Regelbetrieb nach kommunalem Notfallplan"
"NK-0640";"Notunterkunft Weststadt 640";"Notunterkunft";"Sporthalle";"geplant";"241";"101";"58";"Musterstrasse 40";"73728";"Esslingen am Neckar";"Weststadt";"48.72598784815582";"9.332340027728993";"ja";"ja";"ja";"ja";"Technisches Hilfswerk";"Amt fuer Bevoelkerungsschutz";"2025-08-19";"mittel";"Zugang ueber Nordseite, Schluessel im Stabsraum hinterlegt"
"NK-0641";"Notunterkunft Oberdorf 641";"Notunterkunft";"Sporthalle";"aktiv";"39";"28";"28";"Musterstrasse 41";"73728";"Esslingen am Neckar";"Oberdorf";"48.74201182787526";"9.334510816317927";"nein";"nein";"ja";"ja";"Gebaeudemanagement";"Kommunaler Bereitschaftsdienst";"2025-09-08";"niedrig";"Regelbetrieb nach kommunalem Notfallplan"
"NK-0642";"Notunterkunft Pliensauvorstadt 642";"Notunterkunft";"Sporthalle";"aktiv";"240";"136";"43";"Musterstrasse 42";"73728";"Esslingen am Neckar";"Pliensauvorstadt";"48.76090683387845";"9.337168382347135";"ja";"ja";"ja";"ja";"Ordnungsamt";"Kommunaler Bereitschaftsdienst";"2025-04-06";"mittel";"Regelbetrieb nach kommunalem Notfallplan"
"NK-0643";"Notunterkunft Zell 643";"Notunterkunft";"Sporthalle";"aktiv";"59";"10";"83";"Musterstrasse 43";"73728";"Esslingen am Neckar";"Zell";"48.768849613444196";"9.319958534224288";"ja";"ja";"ja";"ja";"Stadtverwaltung";"Amt fuer Bevoelkerungsschutz";"2025-07-09";"mittel";"Regelbetrieb nach kommunalem Notfallplan"
"NK-0644";"Notunterkunft Obertal 644";"Notunterkunft";"Sporthalle";"aktiv";"343";"60";"83";"Musterstrasse 44";"73728";"Esslingen am Neckar";"Obertal";"48.77823183485688";"9.304362336779986";"ja";"ja";"ja";"ja";"Feuerwehr";"Kommunaler Bereitschaftsdienst";"2025-07-09";"mittel";"Regelbetrieb nach kommunalem Notfallplan"
"NK-0645";"Notunterkunft Sulzgries 645";"Notunterkunft";"Sporthalle";"aktiv";"178";"135";"24";"Musterstrasse 45";"73728";"Esslingen am Neckar";"Sulzgries";"48.77333062384122";"9.286138873680892";"ja";"nein";"ja";"ja";"DRK";"Kommunaler Bereitschaftsdienst";"2025-10-24";"hoch";"Regelbetrieb nach kommunalem Notfallplan"
"NK-0646";"Notunterkunft Berkheim 646";"Notunterkunft";"Sporthalle";"aktiv";"193";"92";"52";"Musterstrasse 46";"73728";"Esslingen am Neckar";"Berkheim";"48.75968852185963";"9.273182123955936";"nein";"ja";"ja";"ja";"Technisches Hilfswerk";"Amt fuer Bevoelkerungsschutz";"2026-04-23";"niedrig";"Regelbetrieb nach kommunalem Notfallplan"
"NK-0647";"Notunterkunft Waldacker 647";"Notunterkunft";"Sporthalle";"aktiv";"274";"56";"80";"Musterstrasse 47";"73728";"Esslingen am Neckar";"Waldacker";"48.741468083277105";"9.258377575009055";"ja";"ja";"ja";"ja";"Gebaeudemanagement";"Kommunaler Bereitschaftsdienst";"2026-03-17";"mittel";"Regelbetrieb nach kommunalem Notfallplan"
"NK-0648";"Notunterkunft Auenfeld 648";"Notunterkunft";"Sporthalle";"ausser Betrieb";"314";"0";"100";"Musterstrasse 48";"73728";"Esslingen am Neckar";"Auenfeld";"48.714602870167454";"9.258422661070014";"ja";"ja";"ja";"ja";"Ordnungsamt";"Kommunaler Bereitschaftsdienst";"2025-08-21";"mittel";"Regelbetrieb nach kommunalem Notfallplan"
"NK-0649";"Notunterkunft Mitte 649";"Notunterkunft";"Sporthalle";"aktiv";"192";"90";"53";"Musterstrasse 49";"73728";"Esslingen am Neckar";"Mitte";"48.7419";"9.32203114156276";"ja";"nein";"ja";"ja";"Stadtverwaltung";"Amt fuer Bevoelkerungsschutz";"2025-11-03";"mittel";"Zugang ueber Nordseite, Schluessel im Stabsraum hinterlegt"
"NK-0650";"Notunterkunft Nord 650";"Notunterkunft";"Sporthalle";"aktiv";"255";"33";"87";"Musterstrasse 50";"73728";"Esslingen am Neckar";"Nord";"48.7562772320445";"9.329448456908974";"ja";"ja";"ja";"ja";"Feuerwehr";"Kommunaler Bereitschaftsdienst";"2025-06-04";"mittel";"Regelbetrieb nach kommunalem Notfallplan"
"NK-0651";"Notunterkunft Sued 651";"Notunterkunft";"Sporthalle";"aktiv";"313";"122";"61";"Musterstrasse 51";"73728";"Esslingen am Neckar";"Sued";"48.770130258050905";"9.32082849373316";"nein";"ja";"ja";"ja";"DRK";"Kommunaler Bereitschaftsdienst";"2025-10-04";"niedrig";"Regelbetrieb nach kommunalem Notfallplan"
"NK-0652";"Notunterkunft Weststadt 652";"Notunterkunft";"Sporthalle";"aktiv";"119";"86";"28";"Musterstrasse 52";"73728";"Esslingen am Neckar";"Weststadt";"48.768248252181515";"9.304526154266258";"ja";"ja";"ja";"ja";"Technisches Hilfswerk";"Amt fuer Bevoelkerungsschutz";"2026-05-06";"hoch";"Regelbetrieb nach kommunalem Notfallplan"
"NK-0653";"Notunterkunft Oberdorf 653";"Notunterkunft";"Sporthalle";"aktiv";"53";"38";"28";"Musterstrasse 53";"73728";"Esslingen am Neckar";"Oberdorf";"48.78141214425582";"9.281590355841391";"ja";"nein";"ja";"ja";"Gebaeudemanagement";"Kommunaler Bereitschaftsdienst";"2025-11-13";"mittel";"Regelbetrieb nach kommunalem Notfallplan"
"NK-0654";"Notunterkunft Pliensauvorstadt 654";"Notunterkunft";"Sporthalle";"aktiv";"91";"59";"35";"Musterstrasse 54";"73728";"Esslingen am Neckar";"Pliensauvorstadt";"48.761673855676484";"9.269978196628054";"ja";"ja";"ja";"ja";"Ordnungsamt";"Kommunaler Bereitschaftsdienst";"2025-06-03";"mittel";"Regelbetrieb nach kommunalem Notfallplan"
"NK-0655";"Notunterkunft Zell 655";"Notunterkunft";"Sporthalle";"aktiv";"255";"79";"69";"Musterstrasse 55";"73728";"Esslingen am Neckar";"Zell";"48.74164216431811";"9.258602310896647";"ja";"ja";"ja";"ja";"Stadtverwaltung";"Amt fuer Bevoelkerungsschutz";"2025-06-14";"mittel";"Regelbetrieb nach kommunalem Notfallplan"
"NK-0656";"Notunterkunft Obertal 656";"Notunterkunft";"Sporthalle";"eingeschraenkt";"128";"69";"46";"Musterstrasse 56";"73728";"Esslingen am Neckar";"Obertal";"48.72186336635631";"9.270413793567682";"nein";"ja";"ja";"ja";"Feuerwehr";"Kommunaler Bereitschaftsdienst";"2026-02-16";"niedrig";"Regelbetrieb nach kommunalem Notfallplan"
"NK-0657";"Notunterkunft Sulzgries 657";"Notunterkunft";"Sporthalle";"eingeschraenkt";"220";"169";"23";"Musterstrasse 57";"73728";"Esslingen am Neckar";"Sulzgries";"48.71655230231143";"9.290217010666359";"ja";"nein";"ja";"ja";"DRK";"Kommunaler Bereitschaftsdienst";"2025-07-27";"mittel";"Regelbetrieb nach kommunalem Notfallplan"
"NK-0658";"Notunterkunft Berkheim 658";"Notunterkunft";"Sporthalle";"eingeschraenkt";"49";"21";"57";"Musterstrasse 58";"73728";"Esslingen am Neckar";"Berkheim";"48.69873424347384";"9.304962947080446";"ja";"ja";"ja";"ja";"Technisches Hilfswerk";"Amt fuer Bevoelkerungsschutz";"2026-03-18";"mittel";"Zugang ueber Nordseite, Schluessel im Stabsraum hinterlegt"
"NK-0659";"Notunterkunft Waldacker 659";"Notunterkunft";"Sporthalle";"ausser Betrieb";"52";"0";"100";"Musterstrasse 59";"73728";"Esslingen am Neckar";"Waldacker";"48.70966106569193";"9.323616925626416";"ja";"ja";"ja";"ja";"Gebaeudemanagement";"Kommunaler Bereitschaftsdienst";"2026-05-08";"hoch";"Regelbetrieb nach kommunalem Notfallplan"
"NK-0660";"Notunterkunft Auenfeld 660";"Notunterkunft";"Sporthalle";"ausser Betrieb";"302";"0";"100";"Musterstrasse 60";"73728";"Esslingen am Neckar";"Auenfeld";"48.72407077662385";"9.336227314595446";"ja";"ja";"ja";"ja";"Ordnungsamt";"Kommunaler Bereitschaftsdienst";"2026-02-27";"mittel";"Regelbetrieb nach kommunalem Notfallplan"
"NK-0661";"Notunterkunft Mitte 661";"Notunterkunft";"Sporthalle";"aktiv";"337";"39";"88";"Musterstrasse 61";"73728";"Esslingen am Neckar";"Mitte";"48.77840779875651";"9.283522168867522";"nein";"nein";"ja";"ja";"Stadtverwaltung";"Amt fuer Bevoelkerungsschutz";"2025-08-18";"niedrig";"Regelbetrieb nach kommunalem Notfallplan"
"NK-0662";"Notunterkunft Nord 662";"Notunterkunft";"Sporthalle";"aktiv";"32";"16";"50";"Musterstrasse 62";"73728";"Esslingen am Neckar";"Nord";"48.755380450428994";"9.28120066966749";"ja";"ja";"ja";"ja";"Feuerwehr";"Kommunaler Bereitschaftsdienst";"2025-06-04";"mittel";"Regelbetrieb nach kommunalem Notfallplan"
"NK-0663";"Notunterkunft Sued 663";"Notunterkunft";"Sporthalle";"aktiv";"221";"93";"58";"Musterstrasse 63";"73728";"Esslingen am Neckar";"Sued";"48.74184132791103";"9.27321361794322";"ja";"ja";"ja";"ja";"DRK";"Kommunaler Bereitschaftsdienst";"2026-05-11";"mittel";"Regelbetrieb nach kommunalem Notfallplan"
"NK-0664";"Notunterkunft Weststadt 664";"Notunterkunft";"Sporthalle";"aktiv";"234";"43";"82";"Musterstrasse 64";"73728";"Esslingen am Neckar";"Weststadt";"48.721626634650285";"9.269711754359117";"ja";"ja";"ja";"ja";"Technisches Hilfswerk";"Amt fuer Bevoelkerungsschutz";"2025-05-16";"mittel";"Regelbetrieb nach kommunalem Notfallplan"
"NK-0665";"Notunterkunft Oberdorf 665";"Notunterkunft";"Sporthalle";"aktiv";"227";"76";"67";"Musterstrasse 65";"73728";"Esslingen am Neckar";"Oberdorf";"48.72525666436858";"9.29507373330487";"ja";"nein";"ja";"ja";"Gebaeudemanagement";"Kommunaler Bereitschaftsdienst";"2026-01-09";"mittel";"Regelbetrieb nach kommunalem Notfallplan"
"NK-0666";"Notunterkunft Pliensauvorstadt 666";"Notunterkunft";"Sporthalle";"aktiv";"288";"160";"44";"Musterstrasse 66";"73728";"Esslingen am Neckar";"Pliensauvorstadt";"48.70688648481479";"9.30476358501998";"nein";"ja";"ja";"ja";"Ordnungsamt";"Kommunaler Bereitschaftsdienst";"2025-07-28";"hoch";"Regelbetrieb nach kommunalem Notfallplan"
"NK-0667";"Notunterkunft Zell 667";"Notunterkunft";"Sporthalle";"aktiv";"40";"28";"30";"Musterstrasse 67";"73728";"Esslingen am Neckar";"Zell";"48.722428535340725";"9.315987878578438";"ja";"ja";"ja";"ja";"Stadtverwaltung";"Amt fuer Bevoelkerungsschutz";"2025-07-19";"mittel";"Zugang ueber Nordseite, Schluessel im Stabsraum hinterlegt"
"NK-0668";"Notunterkunft Obertal 668";"Notunterkunft";"Sporthalle";"aktiv";"128";"42";"67";"Musterstrasse 68";"73728";"Esslingen am Neckar";"Obertal";"48.730900587449064";"9.323942608110784";"ja";"ja";"ja";"ja";"Feuerwehr";"Kommunaler Bereitschaftsdienst";"2026-03-15";"mittel";"Regelbetrieb nach kommunalem Notfallplan"
"NK-0669";"Notunterkunft Sulzgries 669";"Notunterkunft";"Sporthalle";"aktiv";"339";"70";"79";"Musterstrasse 69";"73728";"Esslingen am Neckar";"Sulzgries";"48.742135661779265";"9.33612736788262";"ja";"nein";"ja";"ja";"DRK";"Kommunaler Bereitschaftsdienst";"2025-11-18";"mittel";"Regelbetrieb nach kommunalem Notfallplan"
"NK-0670";"Notunterkunft Berkheim 670";"Notunterkunft";"Sporthalle";"aktiv";"46";"10";"78";"Musterstrasse 70";"73728";"Esslingen am Neckar";"Berkheim";"48.75487237815892";"9.326638737298032";"ja";"ja";"ja";"ja";"Technisches Hilfswerk";"Amt fuer Bevoelkerungsschutz";"2025-05-12";"mittel";"Regelbetrieb nach kommunalem Notfallplan"
"NK-0671";"Notunterkunft Waldacker 671";"Notunterkunft";"Sporthalle";"aktiv";"66";"43";"35";"Musterstrasse 71";"73728";"Esslingen am Neckar";"Waldacker";"48.776834826611";"9.324336752638779";"nein";"ja";"ja";"ja";"Gebaeudemanagement";"Kommunaler Bereitschaftsdienst";"2025-06-08";"niedrig";"Regelbetrieb nach kommunalem Notfallplan"
"NK-0672";"Notunterkunft Auenfeld 672";"Notunterkunft";"Sporthalle";"ausser Betrieb";"247";"0";"100";"Musterstrasse 72";"73728";"Esslingen am Neckar";"Auenfeld";"48.79843577563234";"9.30401894068216";"ja";"ja";"ja";"ja";"Ordnungsamt";"Kommunaler Bereitschaftsdienst";"2025-05-14";"mittel";"Regelbetrieb nach kommunalem Notfallplan"
"NK-0673";"Notunterkunft Mitte 673";"Notunterkunft";"Sporthalle";"aktiv";"346";"38";"89";"Musterstrasse 73";"73728";"Esslingen am Neckar";"Mitte";"48.73132470374925";"9.298494375176064";"ja";"nein";"ja";"ja";"Stadtverwaltung";"Amt fuer Bevoelkerungsschutz";"2025-08-02";"hoch";"Regelbetrieb nach kommunalem Notfallplan"
"NK-0674";"Notunterkunft Nord 674";"Notunterkunft";"Sporthalle";"aktiv";"241";"204";"15";"Musterstrasse 74";"73728";"Esslingen am Neckar";"Nord";"48.69960420140949";"9.304639589708689";"ja";"ja";"ja";"ja";"Feuerwehr";"Kommunaler Bereitschaftsdienst";"2025-10-25";"mittel";"Regelbetrieb nach kommunalem Notfallplan"
"NK-0675";"Notunterkunft Sued 675";"Notunterkunft";"Sporthalle";"aktiv";"55";"11";"80";"Musterstrasse 75";"73728";"Esslingen am Neckar";"Sued";"48.7095790349993";"9.323341202515087";"ja";"ja";"ja";"ja";"DRK";"Kommunaler Bereitschaftsdienst";"2025-03-29";"mittel";"Regelbetrieb nach kommunalem Notfallplan"
"NK-0676";"Notunterkunft Weststadt 676";"Notunterkunft";"Sporthalle";"eingeschraenkt";"31";"8";"74";"Musterstrasse 76";"73728";"Esslingen am Neckar";"Weststadt";"48.72163428492876";"9.339929696670124";"nein";"ja";"ja";"ja";"Technisches Hilfswerk";"Amt fuer Bevoelkerungsschutz";"2025-09-25";"niedrig";"Zugang ueber Nordseite, Schluessel im Stabsraum hinterlegt"
"NK-0677";"Notunterkunft Oberdorf 677";"Notunterkunft";"Sporthalle";"eingeschraenkt";"32";"23";"28";"Musterstrasse 77";"73728";"Esslingen am Neckar";"Oberdorf";"48.74201545005786";"9.335479648447132";"ja";"nein";"ja";"ja";"Gebaeudemanagement";"Kommunaler Bereitschaftsdienst";"2026-02-26";"mittel";"Regelbetrieb nach kommunalem Notfallplan"
"NK-0678";"Notunterkunft Pliensauvorstadt 678";"Notunterkunft";"Sporthalle";"eingeschraenkt";"86";"10";"88";"Musterstrasse 78";"73728";"Esslingen am Neckar";"Pliensauvorstadt";"48.7660509024921";"9.34598279060158";"ja";"ja";"ja";"ja";"Ordnungsamt";"Kommunaler Bereitschaftsdienst";"2025-04-27";"mittel";"Regelbetrieb nach kommunalem Notfallplan"
"NK-0679";"Notunterkunft Zell 679";"Notunterkunft";"Sporthalle";"ausser Betrieb";"88";"0";"100";"Musterstrasse 79";"73728";"Esslingen am Neckar";"Zell";"48.77769861183511";"9.32500156183279";"ja";"ja";"ja";"ja";"Stadtverwaltung";"Amt fuer Bevoelkerungsschutz";"2025-05-11";"mittel";"Regelbetrieb nach kommunalem Notfallplan"
"NK-0680";"Notunterkunft Obertal 680";"Notunterkunft";"Sporthalle";"geplant";"320";"141";"56";"Musterstrasse 80";"73728";"Esslingen am Neckar";"Obertal";"48.79282594341236";"9.304266870012446";"ja";"ja";"ja";"ja";"Feuerwehr";"Kommunaler Bereitschaftsdienst";"2025-11-26";"hoch";"Regelbetrieb nach kommunalem Notfallplan"
"NK-0681";"Notfall-Anlaufstelle Sulzgries 681";"Notfall-Anlaufstelle";"Buergerhaus";"aktiv";"281";"87";"69";"Musterstrasse 81";"73728";"Esslingen am Neckar";"Sulzgries";"48.77532836153659";"9.284965480237194";"nein";"nein";"ja";"ja";"DRK";"Kommunaler Bereitschaftsdienst";"2026-01-19";"niedrig";"Regelbetrieb nach kommunalem Notfallplan"
"NK-0682";"Notfall-Anlaufstelle Berkheim 682";"Notfall-Anlaufstelle";"Buergerhaus";"aktiv";"312";"38";"88";"Musterstrasse 82";"73728";"Esslingen am Neckar";"Berkheim";"48.76046758702977";"9.271806148304952";"ja";"ja";"ja";"ja";"Technisches Hilfswerk";"Amt fuer Bevoelkerungsschutz";"2025-11-19";"mittel";"Regelbetrieb nach kommunalem Notfallplan"
"NK-0683";"Notfall-Anlaufstelle Waldacker 683";"Notfall-Anlaufstelle";"Buergerhaus";"aktiv";"49";"35";"29";"Musterstrasse 83";"73728";"Esslingen am Neckar";"Waldacker";"48.741418520454886";"9.253073511260329";"ja";"ja";"ja";"ja";"Gebaeudemanagement";"Kommunaler Bereitschaftsdienst";"2025-12-22";"mittel";"Regelbetrieb nach kommunalem Notfallplan"
"NK-0684";"Notfall-Anlaufstelle Auenfeld 684";"Notfall-Anlaufstelle";"Buergerhaus";"ausser Betrieb";"116";"0";"100";"Musterstrasse 84";"73728";"Esslingen am Neckar";"Auenfeld";"48.719224209730555";"9.266240375409398";"ja";"ja";"ja";"ja";"Ordnungsamt";"Kommunaler Bereitschaftsdienst";"2025-12-21";"mittel";"Regelbetrieb nach kommunalem Notfallplan"
"NK-0685";"Notfall-Anlaufstelle Mitte 685";"Notfall-Anlaufstelle";"Buergerhaus";"aktiv";"62";"20";"68";"Musterstrasse 85";"73728";"Esslingen am Neckar";"Mitte";"48.7419";"9.348337632021309";"ja";"nein";"ja";"ja";"Stadtverwaltung";"Amt fuer Bevoelkerungsschutz";"2025-07-04";"mittel";"Zugang ueber Nordseite, Schluessel im Stabsraum hinterlegt"
"NK-0686";"Notfall-Anlaufstelle Nord 686";"Notfall-Anlaufstelle";"Buergerhaus";"aktiv";"285";"141";"51";"Musterstrasse 86";"73728";"Esslingen am Neckar";"Nord";"48.7532160546862";"9.324157763022754";"nein";"ja";"ja";"ja";"Feuerwehr";"Kommunaler Bereitschaftsdienst";"2025-09-27";"niedrig";"Regelbetrieb nach kommunalem Notfallplan"
"NK-0687";"Notfall-Anlaufstelle Sued 687";"Notfall-Anlaufstelle";"Buergerhaus";"aktiv";"138";"80";"42";"Musterstrasse 87";"73728";"Esslingen am Neckar";"Sued";"48.771955124941336";"9.321877539790115";"ja";"ja";"ja";"ja";"DRK";"Kommunaler Bereitschaftsdienst";"2026-02-15";"hoch";"Regelbetrieb nach kommunalem Notfallplan"
"NK-0688";"Notfall-Anlaufstelle Weststadt 688";"Notfall-Anlaufstelle";"Buergerhaus";"aktiv";"36";"14";"61";"Musterstrasse 88";"73728";"Esslingen am Neckar";"Weststadt";"48.782566581465346";"9.30448602456336";"ja";"ja";"ja";"ja";"Technisches Hilfswerk";"Amt fuer Bevoelkerungsschutz";"2025-05-05";"mittel";"Regelbetrieb nach kommunalem Notfallplan"
"NK-0689";"Notfall-Anlaufstelle Oberdorf 689";"Notfall-Anlaufstelle";"Buergerhaus";"aktiv";"39";"5";"87";"Musterstrasse 89";"73728";"Esslingen am Neckar";"Oberdorf";"48.75648640654015";"9.296105699567493";"ja";"nein";"ja";"ja";"Gebaeudemanagement";"Kommunaler Bereitschaftsdienst";"2026-02-13";"mittel";"Regelbetrieb nach kommunalem Notfallplan"
"NK-0690";"Notfall-Anlaufstelle Pliensauvorstadt 690";"Notfall-Anlaufstelle";"Buergerhaus";"aktiv";"288";"233";"19";"Musterstrasse 90";"73728";"Esslingen am Neckar";"Pliensauvorstadt";"48.754477449698065";"9.282578296317558";"ja";"ja";"ja";"ja";"Ordnungsamt";"Kommunaler Bereitschaftsdienst";"2025-12-31";"mittel";"Regelbetrieb nach kommunalem Notfallplan"
"NK-0691";"Notfall-Anlaufstelle Zell 691";"Notfall-Anlaufstelle";"Buergerhaus";"aktiv";"197";"108";"45";"Musterstrasse 91";"73728";"Esslingen am Neckar";"Zell";"48.74166436963135";"9.262563721851542";"nein";"ja";"ja";"ja";"Stadtverwaltung";"Amt fuer Bevoelkerungsschutz";"2025-10-19";"niedrig";"Regelbetrieb nach kommunalem Notfallplan"
"NK-0692";"Notfall-Anlaufstelle Obertal 692";"Notfall-Anlaufstelle";"Buergerhaus";"aktiv";"257";"201";"22";"Musterstrasse 92";"73728";"Esslingen am Neckar";"Obertal";"48.72510262783194";"9.275940573338337";"ja";"ja";"ja";"ja";"Feuerwehr";"Kommunaler Bereitschaftsdienst";"2026-04-23";"mittel";"Regelbetrieb nach kommunalem Notfallplan"
"NK-0693";"Notfall-Anlaufstelle Sulzgries 693";"Notfall-Anlaufstelle";"Buergerhaus";"aktiv";"134";"59";"56";"Musterstrasse 93";"73728";"Esslingen am Neckar";"Sulzgries";"48.70448774583855";"9.283371245453417";"ja";"nein";"ja";"ja";"DRK";"Kommunaler Bereitschaftsdienst";"2025-12-09";"mittel";"Regelbetrieb nach kommunalem Notfallplan"
"NK-0694";"Notfall-Anlaufstelle Berkheim 694";"Notfall-Anlaufstelle";"Buergerhaus";"aktiv";"262";"99";"62";"Musterstrasse 94";"73728";"Esslingen am Neckar";"Berkheim";"48.71174590362239";"9.304853542208559";"ja";"ja";"ja";"ja";"Technisches Hilfswerk";"Amt fuer Bevoelkerungsschutz";"2026-02-12";"hoch";"Zugang ueber Nordseite, Schluessel im Stabsraum hinterlegt"
"NK-0695";"Notfall-Anlaufstelle Waldacker 695";"Notfall-Anlaufstelle";"Buergerhaus";"aktiv";"140";"92";"34";"Musterstrasse 95";"73728";"Esslingen am Neckar";"Waldacker";"48.71372077249458";"9.321222208059346";"ja";"ja";"ja";"ja";"Gebaeudemanagement";"Kommunaler Bereitschaftsdienst";"2025-07-21";"mittel";"Regelbetrieb nach kommunalem Notfallplan"
"NK-0696";"Notfall-Anlaufstelle Auenfeld 696";"Notfall-Anlaufstelle";"Buergerhaus";"ausser Betrieb";"58";"0";"100";"Musterstrasse 96";"73728";"Esslingen am Neckar";"Auenfeld";"48.71968949065926";"9.343999291344579";"nein";"ja";"ja";"ja";"Ordnungsamt";"Kommunaler Bereitschaftsdienst";"2025-07-09";"niedrig";"Regelbetrieb nach kommunalem Notfallplan"
"NK-0697";"Notfall-Anlaufstelle Mitte 697";"Notfall-Anlaufstelle";"Buergerhaus";"eingeschraenkt";"91";"56";"38";"Musterstrasse 97";"73728";"Esslingen am Neckar";"Mitte";"48.777154880185414";"9.284245543241324";"ja";"nein";"ja";"ja";"Stadtverwaltung";"Amt fuer Bevoelkerungsschutz";"2026-05-01";"mittel";"Regelbetrieb nach kommunalem Notfallplan"
"NK-0698";"Notfall-Anlaufstelle Nord 698";"Notfall-Anlaufstelle";"Buergerhaus";"eingeschraenkt";"175";"95";"46";"Musterstrasse 98";"73728";"Esslingen am Neckar";"Nord";"48.756139439236954";"9.279883218894634";"ja";"ja";"ja";"ja";"Feuerwehr";"Kommunaler Bereitschaftsdienst";"2026-04-30";"mittel";"Regelbetrieb nach kommunalem Notfallplan"
"NK-0699";"Notfall-Anlaufstelle Sued 699";"Notfall-Anlaufstelle";"Buergerhaus";"ausser Betrieb";"180";"0";"100";"Musterstrasse 99";"73728";"Esslingen am Neckar";"Sued";"48.74186969766147";"9.28838989412055";"ja";"ja";"ja";"ja";"DRK";"Kommunaler Bereitschaftsdienst";"2026-05-05";"mittel";"Regelbetrieb nach kommunalem Notfallplan"
"NK-0700";"Notfall-Anlaufstelle Weststadt 700";"Notfall-Anlaufstelle";"Buergerhaus";"geplant";"322";"154";"52";"Musterstrasse 100";"73728";"Esslingen am Neckar";"Weststadt";"48.72602241561232";"9.277276412882328";"ja";"ja";"ja";"ja";"Technisches Hilfswerk";"Amt fuer Bevoelkerungsschutz";"2025-11-01";"mittel";"Regelbetrieb nach kommunalem Notfallplan"
"NK-0701";"Notfall-Anlaufstelle Oberdorf 701";"Notfall-Anlaufstelle";"Buergerhaus";"aktiv";"122";"101";"17";"Musterstrasse 101";"73728";"Esslingen am Neckar";"Oberdorf";"48.709908535872664";"9.286288813709351";"nein";"nein";"ja";"ja";"Gebaeudemanagement";"Kommunaler Bereitschaftsdienst";"2025-10-14";"hoch";"Regelbetrieb nach kommunalem Notfallplan"
"NK-0702";"Notfall-Anlaufstelle Pliensauvorstadt 702";"Notfall-Anlaufstelle";"Buergerhaus";"aktiv";"181";"117";"35";"Musterstrasse 102";"73728";"Esslingen am Neckar";"Pliensauvorstadt";"48.7083781380929";"9.304756615935899";"ja";"ja";"ja";"ja";"Ordnungsamt";"Kommunaler Bereitschaftsdienst";"2025-05-11";"mittel";"Regelbetrieb nach kommunalem Notfallplan"
"NK-0703";"Notfall-Anlaufstelle Zell 703";"Notfall-Anlaufstelle";"Buergerhaus";"aktiv";"267";"51";"81";"Musterstrasse 103";"73728";"Esslingen am Neckar";"Zell";"48.72401036587975";"9.315062745599217";"ja";"ja";"ja";"ja";"Stadtverwaltung";"Amt fuer Bevoelkerungsschutz";"2026-01-28";"mittel";"Zugang ueber Nordseite, Schluessel im Stabsraum hinterlegt"
"NK-0704";"Notfall-Anlaufstelle Obertal 704";"Notfall-Anlaufstelle";"Buergerhaus";"aktiv";"96";"76";"21";"Musterstrasse 104";"73728";"Esslingen am Neckar";"Obertal";"48.720355627130346";"9.342486056139863";"ja";"ja";"ja";"ja";"Feuerwehr";"Kommunaler Bereitschaftsdienst";"2025-05-02";"mittel";"Regelbetrieb nach kommunalem Notfallplan"
"NK-0705";"Notfall-Anlaufstelle Sulzgries 705";"Notfall-Anlaufstelle";"Buergerhaus";"aktiv";"249";"114";"54";"Musterstrasse 105";"73728";"Esslingen am Neckar";"Sulzgries";"48.742230486102855";"9.348813181184253";"ja";"nein";"ja";"ja";"DRK";"Kommunaler Bereitschaftsdienst";"2025-11-23";"mittel";"Regelbetrieb nach kommunalem Notfallplan"
"NK-0706";"Notfall-Anlaufstelle Berkheim 706";"Notfall-Anlaufstelle";"Buergerhaus";"aktiv";"319";"180";"44";"Musterstrasse 106";"73728";"Esslingen am Neckar";"Berkheim";"48.767220394579226";"9.347616748168893";"nein";"ja";"ja";"ja";"Technisches Hilfswerk";"Amt fuer Bevoelkerungsschutz";"2026-04-01";"niedrig";"Regelbetrieb nach kommunalem Notfallplan"
"NK-0707";"Notfall-Anlaufstelle Waldacker 707";"Notfall-Anlaufstelle";"Buergerhaus";"aktiv";"80";"18";"78";"Musterstrasse 107";"73728";"Esslingen am Neckar";"Waldacker";"48.76367076592474";"9.31689959508882";"ja";"ja";"ja";"ja";"Gebaeudemanagement";"Kommunaler Bereitschaftsdienst";"2025-07-06";"mittel";"Regelbetrieb nach kommunalem Notfallplan"
"NK-0708";"Notfall-Anlaufstelle Auenfeld 708";"Notfall-Anlaufstelle";"Buergerhaus";"ausser Betrieb";"298";"0";"100";"Musterstrasse 108";"73728";"Esslingen am Neckar";"Auenfeld";"48.790338935880634";"9.304102157797875";"ja";"ja";"ja";"ja";"Ordnungsamt";"Kommunaler Bereitschaftsdienst";"2026-02-27";"hoch";"Regelbetrieb nach kommunalem Notfallplan"
"NK-0709";"Notfall-Anlaufstelle Mitte 709";"Notfall-Anlaufstelle";"Buergerhaus";"aktiv";"106";"48";"55";"Musterstrasse 109";"73728";"Esslingen am Neckar";"Mitte";"48.708214104475395";"9.285151519782062";"ja";"nein";"ja";"ja";"Stadtverwaltung";"Amt fuer Bevoelkerungsschutz";"2026-03-16";"mittel";"Regelbetrieb nach kommunalem Notfallplan"
"NK-0710";"Notfall-Anlaufstelle Nord 710";"Notfall-Anlaufstelle";"Buergerhaus";"aktiv";"269";"55";"80";"Musterstrasse 110";"73728";"Esslingen am Neckar";"Nord";"48.71813774736027";"9.304622241941072";"ja";"ja";"ja";"ja";"Feuerwehr";"Kommunaler Bereitschaftsdienst";"2025-07-01";"mittel";"Regelbetrieb nach kommunalem Notfallplan"
"NK-0711";"Notfall-Anlaufstelle Sued 711";"Notfall-Anlaufstelle";"Buergerhaus";"aktiv";"95";"39";"59";"Musterstrasse 111";"73728";"Esslingen am Neckar";"Sued";"48.707359843309774";"9.32462799332942";"nein";"ja";"ja";"ja";"DRK";"Kommunaler Bereitschaftsdienst";"2026-02-13";"niedrig";"Regelbetrieb nach kommunalem Notfallplan"
"NK-0712";"Notfall-Anlaufstelle Weststadt 712";"Notfall-Anlaufstelle";"Buergerhaus";"aktiv";"176";"49";"72";"Musterstrasse 112";"73728";"Esslingen am Neckar";"Weststadt";"48.732227729178206";"9.321461896708016";"ja";"ja";"ja";"ja";"Technisches Hilfswerk";"Amt fuer Bevoelkerungsschutz";"2025-04-30";"mittel";"Zugang ueber Nordseite, Schluessel im Stabsraum hinterlegt"
"NK-0713";"Notfall-Anlaufstelle Oberdorf 713";"Notfall-Anlaufstelle";"Buergerhaus";"aktiv";"172";"68";"60";"Musterstrasse 113";"73728";"Esslingen am Neckar";"Oberdorf";"48.742032194966086";"9.339958441171945";"ja";"nein";"ja";"ja";"Gebaeudemanagement";"Kommunaler Bereitschaftsdienst";"2025-04-12";"mittel";"Regelbetrieb nach kommunalem Notfallplan"
"NK-0714";"Notfall-Anlaufstelle Pliensauvorstadt 714";"Notfall-Anlaufstelle";"Buergerhaus";"aktiv";"192";"70";"64";"Musterstrasse 114";"73728";"Esslingen am Neckar";"Pliensauvorstadt";"48.76296347616581";"9.340692457571564";"ja";"ja";"ja";"ja";"Ordnungsamt";"Kommunaler Bereitschaftsdienst";"2026-03-02";"mittel";"Regelbetrieb nach kommunalem Notfallplan"
"NK-0715";"Notfall-Anlaufstelle Zell 715";"Notfall-Anlaufstelle";"Buergerhaus";"aktiv";"305";"214";"30";"Musterstrasse 115";"73728";"Esslingen am Neckar";"Zell";"48.78203280508278";"9.32747161044654";"ja";"ja";"ja";"ja";"Stadtverwaltung";"Amt fuer Bevoelkerungsschutz";"2026-01-05";"hoch";"Regelbetrieb nach kommunalem Notfallplan"
"NK-0716";"Notfall-Anlaufstelle Obertal 716";"Notfall-Anlaufstelle";"Buergerhaus";"eingeschraenkt";"96";"16";"83";"Musterstrasse 116";"73728";"Esslingen am Neckar";"Obertal";"48.78438418857485";"9.30432209140837";"nein";"ja";"ja";"ja";"Feuerwehr";"Kommunaler Bereitschaftsdienst";"2025-11-09";"niedrig";"Regelbetrieb nach kommunalem Notfallplan"
"NK-0717";"Notfall-Anlaufstelle Sulzgries 717";"Notfall-Anlaufstelle";"Buergerhaus";"eingeschraenkt";"235";"80";"66";"Musterstrasse 117";"73728";"Esslingen am Neckar";"Sulzgries";"48.77071187418172";"9.287677025405348";"ja";"nein";"ja";"ja";"DRK";"Kommunaler Bereitschaftsdienst";"2026-02-20";"mittel";"Regelbetrieb nach kommunalem Notfallplan"
"NK-0718";"Notfall-Anlaufstelle Berkheim 718";"Notfall-Anlaufstelle";"Buergerhaus";"eingeschraenkt";"136";"14";"90";"Musterstrasse 118";"73728";"Esslingen am Neckar";"Berkheim";"48.757034145271675";"9.27787025236103";"ja";"ja";"ja";"ja";"Technisches Hilfswerk";"Amt fuer Bevoelkerungsschutz";"2026-04-24";"mittel";"Regelbetrieb nach kommunalem Notfallplan"
"NK-0719";"Notfall-Anlaufstelle Waldacker 719";"Notfall-Anlaufstelle";"Buergerhaus";"ausser Betrieb";"250";"0";"100";"Musterstrasse 119";"73728";"Esslingen am Neckar";"Waldacker";"48.74145502369341";"9.256979977750552";"ja";"ja";"ja";"ja";"Gebaeudemanagement";"Kommunaler Bereitschaftsdienst";"2026-01-07";"mittel";"Regelbetrieb nach kommunalem Notfallplan"
"NK-0720";"Notfall-Anlaufstelle Auenfeld 720";"Notfall-Anlaufstelle";"Buergerhaus";"ausser Betrieb";"46";"0";"100";"Musterstrasse 120";"73728";"Esslingen am Neckar";"Auenfeld";"48.72295486840499";"9.272551364553621";"ja";"ja";"ja";"ja";"Ordnungsamt";"Kommunaler Bereitschaftsdienst";"2025-04-21";"mittel";"Regelbetrieb nach kommunalem Notfallplan"
